source_value,wikidata_qid,dbpedia_resource,match_type
Action,Q188473,Action_film,exact
Adventure,Q319221,Adventure_film,exact
Animation,Q202866,Animated_film,exact
Biography,Q645928,Biographical_film,exact
Comedy,Q157443,Comedy_film,exact
Crime,Q959790,Crime_film,exact
Drama,Q130232,Drama_(film_and_television),exact
Family,Q1361932,Family_film,exact
Fantasy,Q157394,Fantasy_film,exact
History,Q17013749,Historical_film,exact
Horror,Q200092,Horror_film,exact
Music,Q842256,Musical_film,close
Musical,Q842256,Musical_film,exact
Mystery,Q1200678,Mystery_film,exact
Romance,Q1054574,Romance_film,exact
Sci-Fi,Q471839,Science_fiction_film,exact
Sport,Q1339864,Sports_film,exact
Thriller,Q2484376,Thriller_film,exact
War,Q369747,War_film,exact
