imdb_id,wikidata_qid,enwiki_title,checked_at
tt0079718,Q587854,Flatfoot_in_Egypt,2026-09-28T08:55:55Z
tt0081633,Q1426318,Time_Bandits,2026-09-28T08:55:55Z
tt0083199,Q3203073,Dangerous_Encounters_of_the_First_Kind,2026-09-28T08:55:55Z
tt0085426,Q386210,Le_Dernier_Combat,2026-09-28T08:55:55Z
tt0085750,Q1199837,Jaws_3-D,2026-09-28T08:55:55Z
tt0086856,Q963081,The_Adventures_of_Buckaroo_Banzai_Across_the_8th_Dimension,2026-09-28T08:55:55Z
tt0087065,Q3822411,Cloak_&_Dagger_(1984_film),2026-09-28T08:55:55Z
tt0087354,Q1994611,Grace_Quigley,2026-09-28T08:55:55Z
tt0087821,Q2000541,Full_Moon_in_Paris,2026-09-28T08:55:55Z
tt0090274,Q1786324,Volunteers_(1985_film),2026-09-28T08:55:55Z
tt0090956,Q1003128,Eastern_Condors,2026-09-28T08:55:55Z
tt0091630,Q77013,Night_of_the_Creeps,2026-09-28T08:55:55Z
tt0092656,Q377939,The_Big_Town_(1987_film),2026-09-28T08:55:55Z
tt0093771,Q759383,A_Prayer_for_the_Dying,2026-09-28T08:55:55Z
tt0094336,Q1756560,Withnail_and_I,2026-09-28T08:55:55Z
tt0094961,Q2527476,Dead_Heat_(1988_film),2026-09-28T08:55:55Z
tt0095047,Q1174822,Doin'_Time_on_Planet_Earth,2026-09-28T08:55:55Z
tt0096087,Q4129024,Shakedown_(1988_film),2026-09-28T08:55:55Z
tt0096344,Q2028029,The_Unnamable_(film),2026-09-28T08:55:55Z
tt0096827,Q3536866,Apoorva_Sagodharargal_(1989_film),2026-09-28T08:55:55Z
tt0096919,Q122168637,Beyond_Dream's_Door,2026-09-28T08:55:55Z
tt0097074,Q1083253,Cohen_and_Tate,2026-09-28T08:55:55Z
tt0097244,Q629847,God_of_Gamblers,2026-09-28T08:55:55Z
tt0097388,Q1454794,Friday_the_13th_Part_VIII:_Jason_Takes_Manhattan,2026-09-28T08:55:55Z
tt0097438,Q3650745,Gleaming_the_Cube,2026-09-28T08:55:55Z
tt0097530,Q551944,How_I_Got_into_College,2026-09-28T08:55:55Z
tt0098097,Q508759,Pink_Cadillac_(film),2026-09-28T08:55:55Z
tt0098319,Q1404361,Shirley_Valentine_(film),2026-09-28T08:55:55Z
tt0098375,Q1418807,Spontaneous_Combustion_(film),2026-09-28T08:55:55Z
tt0099108,Q1082116,Basket_Case_2,2026-09-28T08:55:55Z
tt0099172,Q12749370,,2026-09-28T08:55:55Z
tt0100234,Q498277,Close-Up_(1990_film),2026-09-28T08:55:55Z
tt0101748,Q1063617,Dogfight_(film),2026-09-28T08:55:55Z
tt0103956,Q1089283,Child's_Play_3,2026-09-28T08:55:55Z
tt0104759,Q2084266,The_Lost_World_(1992_film),2026-09-28T08:55:55Z
tt0105150,Q1215455,The_Playboys,2026-09-28T08:55:55Z
tt0106417,Q636444,Sailor_Moon_R:_The_Movie,2026-09-28T08:55:55Z
tt0107290,Q167726,Jurassic_Park,2026-09-28T08:55:55Z
tt0107668,Q1783771,Nemesis_(1992_film),2026-09-28T08:55:55Z
tt0108606,Q245815,Executioners_(film),2026-09-28T08:55:55Z
tt0109665,Q1383670,Dream_Lover_(1993_film),2026-09-28T08:55:55Z
tt0110391,Q2070564,Love_Affair_(1994_film),2026-09-28T08:55:55Z
tt0112553,Q891821,Bombay_(film),2026-09-28T08:55:55Z
tt0113481,Q1129069,Johnny_Mnemonic_(film),2026-09-28T08:55:55Z
tt0114496,Q1544085,Something_to_Talk_About_(film),2026-09-28T08:55:55Z
tt0117128,Q2093090,Mystery_Science_Theater_3000:_The_Movie,2026-09-28T08:55:55Z
tt0117959,Q1077585,The_Truce_(1997_film),2026-09-28T08:55:55Z
tt0118015,Q1406680,Family_Resemblances,2026-09-28T08:55:55Z
tt0118040,Q2079258,Unforgettable_(1996_film),2026-09-28T08:55:55Z
tt0118583,Q458314,Alien_Resurrection,2026-09-28T08:55:55Z
tt0119822,Q221594,As_Good_as_It_Gets,2026-09-28T08:55:55Z
tt0138703,Q1595630,Phantasm_IV:_Oblivion,2026-09-28T08:55:55Z
tt0141098,Q40182,Forces_of_Nature_(1999_film),2026-09-28T08:55:55Z
tt0150464,Q3053603,,2026-09-28T08:55:55Z
tt0152256,Q7395614,Saagar_(1985_film),2026-09-28T08:55:55Z
tt0165832,Q1542687,Interstate_60,2026-09-28T08:55:55Z
tt0169164,Q3928861,Radiofreccia,2026-09-28T08:55:55Z
tt0174336,Q2073438,Whipped_(2000_film),2026-09-28T08:55:55Z
tt0179182,Q1437245,Forever_Mine,2026-09-28T08:55:55Z
tt0192455,Q1653332,Picking_Up_the_Pieces_(film),2026-09-28T08:55:55Z
tt0212380,Q331180,Blow_Dry,2026-09-28T08:55:55Z
tt0228333,Q261700,Ghosts_of_Mars,2026-09-28T08:55:55Z
tt0242285,Q16560275,The_Art_of_Dying_(film),2026-09-28T08:55:55Z
tt0250224,Q1337306,Crazy/Beautiful,2026-09-28T08:55:55Z
tt0253754,Q388319,Star_Trek:_Nemesis,2026-09-28T08:55:55Z
tt0275692,Q744825,Sol_Goode,2026-09-28T08:55:55Z
tt0283269,Q12749487,Boomerang_(2001_film),2026-09-28T08:55:55Z
tt0286751,Q196184,Pulse_(2001_film),2026-09-28T08:55:55Z
tt0307681,Q855114,I_Not_Stupid,2026-09-28T08:55:55Z
tt0310313,Q3213686,La_Vie_nouvelle,2026-09-28T08:55:55Z
tt0323120,Q1872528,Loving_Annabelle,2026-09-28T08:55:55Z
tt0330136,Q99674420,,2026-09-28T08:55:55Z
tt0331282,Q12754770,,2026-09-28T08:55:55Z
tt0354243,Q3267894,Zhou_Yu's_Train,2026-09-28T08:55:55Z
tt0354538,Q5350171,Ek_Aur_Ek_Gyarah,2026-09-28T08:55:55Z
tt0366842,Q6077712,,2026-09-28T08:55:55Z
tt0372237,Q255137,Guess_Who_(film),2026-09-28T08:55:55Z
tt0374271,Q1109255,Tere_Naam,2026-09-28T08:55:55Z
tt0375104,Q888581,Bobby_Jones:_Stroke_of_Genius,2026-09-28T08:55:55Z
tt0388377,Q2155524,River_Queen,2026-09-28T08:55:55Z
tt0401248,Q813446,Beautiful_Boxer,2026-09-28T08:55:55Z
tt0403217,Q526162,Last_Days_(2005_film),2026-09-28T08:55:55Z
tt0429052,Q2212493,,2026-09-28T08:55:55Z
tt0432637,Q1076823,Krrish,2026-09-28T08:55:55Z
tt0433387,Q301768,Harsh_Times_(film),2026-09-28T08:55:55Z
tt0439418,Q3524842,7/G_Rainbow_Colony,2026-09-28T08:55:55Z
tt0444112,Q2609486,Avenue_Montaigne_(film),2026-09-28T08:55:55Z
tt0448075,Q1809484,The_Night_Listener_(film),2026-09-28T08:55:55Z
tt0452664,Q10342058,Os_Penetras,2026-09-28T08:55:55Z
tt0452668,Q608071,Pterodactyl_(film),2026-09-28T08:55:55Z
tt0455362,Q465174,The_Breed_(2006_film),2026-09-28T08:55:55Z
tt0459293,Q1343328,"Gandhi,_My_Father",2026-09-28T08:55:55Z
tt0460394,Q4699308,Aithe,2026-09-28T08:55:55Z
tt0462465,Q651950,Outlander_(film),2026-09-28T08:55:55Z
tt0464160,Q508365,Chup_Chup_Ke,2026-09-28T08:55:55Z
tt0466103,Q4385257,Dust_(2005_film),2026-09-28T08:55:55Z
tt0470967,Q7939473,Voice_(2005_film),2026-09-28T08:55:55Z
tt0471041,Q249151,The_Tournament_(2009_film),2026-09-28T08:55:55Z
tt0481354,Q12812194,,2026-09-28T08:55:55Z
tt0483631,Q3910796,,2026-09-28T08:55:55Z
tt0487011,Q4751324,Anandabhadram,2026-09-28T08:55:55Z
tt0758752,Q733722,Love_&_Other_Drugs,2026-09-28T08:55:55Z
tt0758762,Q4373831,,2026-09-28T08:55:55Z
tt0768218,Q782059,The_Mysteries_of_Pittsburgh_(film),2026-09-28T08:55:55Z
tt0780583,Q681651,Flight_of_the_Living_Dead:_Outbreak_on_a_Plane,2026-09-28T08:55:55Z
tt0790602,Q3342211,Nitro_(film),2026-09-28T08:55:55Z
tt0826631,Q1215564,The_Exam_(2006_film),2026-09-28T08:55:55Z
tt0836700,Q3047170,Summer_Hours,2026-09-28T08:55:55Z
tt0843878,Q13224669,,2026-09-28T08:55:55Z
tt0844319,Q6143869,Kaidan_(2007_film),2026-09-28T08:55:55Z
tt0870111,Q691672,Frost/Nixon_(film),2026-09-28T08:55:55Z
tt0870944,Q1042731,Nada_Sōsō_(film),2026-09-28T08:55:55Z
tt0892769,Q373096,How_to_Train_Your_Dragon_(2010_film),2026-09-28T08:55:55Z
tt0896923,Q2974599,The_City_of_Your_Final_Destination,2026-09-28T08:55:55Z
tt0902290,Q3790448,I_Sell_the_Dead,2026-09-28T08:55:55Z
tt0914798,Q157556,The_Boy_in_the_Striped_Pyjamas_(film),2026-09-28T08:55:55Z
tt0937378,Q2577183,,2026-09-28T08:55:55Z
tt0960890,Q219796,Zombie_Strippers,2026-09-28T08:55:55Z
tt0963194,Q1513017,Repo!_The_Genetic_Opera,2026-09-28T08:55:55Z
tt0995868,Q15141749,Pelé:_Birth_of_a_Legend,2026-09-28T08:55:55Z
tt1001508,Q155559,He's_Just_Not_That_into_You_(film),2026-09-28T08:55:55Z
tt10110614,Q103935104,Apples_(film),2026-09-28T08:55:55Z
tt10260844,Q109558330,,2026-09-28T08:55:55Z
tt10329842,Q55657498,Hero_(2019_Russian_film),2026-09-28T08:55:55Z
tt1034303,Q842094,Defiance_(2008_film),2026-09-28T08:55:55Z
tt10370042,Q126077206,Ascendant_(2021_film),2026-09-28T08:55:55Z
tt10399608,Q108329775,Piggy_(2022_film),2026-09-28T08:55:55Z
tt10676052,Q105105219,The_Fantastic_Four:_First_Steps,2026-09-28T08:55:55Z
tt10713340,Q137755829,Held_(film),2026-09-28T08:55:55Z
tt1078588,Q814771,My_Sister's_Keeper_(film),2026-09-28T08:55:55Z
tt10928086,Q104902956,Knocking_(2021_film),2026-09-28T08:55:55Z
tt11107074,Q85846725,My_Hero_Academia:_Heroes_Rising,2026-09-28T08:55:55Z
tt11225626,Q105580677,Am_I_OK?,2026-09-28T08:55:55Z
tt11261532,Q138757810,The_Mannequin,2026-09-28T08:55:55Z
tt1135095,Q1144154,Tell-Tale_(film),2026-09-28T08:55:55Z
tt1135961,Q1340390,Bangkok_Love_Story,2026-09-28T08:55:55Z
tt11608126,,,2026-09-28T08:55:55Z
tt11610804,Q98078389,,2026-09-28T08:55:55Z
tt1161418,Q164080,Gentlemen_Broncos,2026-09-28T08:55:55Z
tt1181791,Q679833,Black_Death_(film),2026-09-28T08:55:55Z
tt11866370,Q107272624,Aranmanai_3,2026-09-28T08:55:55Z
tt1194616,Q1400547,LOL_(Laughing_Out_Loud),2026-09-28T08:55:55Z
tt1209361,Q17639610,,2026-09-28T08:55:55Z
tt12163074,Q106706911,The_Resort_(film),2026-09-28T08:55:55Z
tt1239446,Q2242365,The_Last_Days_of_Emma_Blank,2026-09-28T08:55:55Z
tt12585076,Q107404487,Moonshot_(2022_film),2026-09-28T08:55:55Z
tt1274596,Q79028588,,2026-09-28T08:55:55Z
tt12763920,Q93739110,Deliver_Us_from_Evil_(2020_film),2026-09-28T08:55:55Z
tt12857614,Q106433264,Love_Life_&_Pakodi,2026-09-28T08:55:55Z
tt12875782,Q98928841,Freaks:_You're_One_of_Us,2026-09-28T08:55:55Z
tt13043436,Q108370417,,2026-09-28T08:55:55Z
tt1322930,Q3275371,Alone_(2008_film),2026-09-28T08:55:55Z
tt1329454,Q1451982,Vengeance_(2009_film),2026-09-28T08:55:55Z
tt13316790,Q110249211,,2026-09-28T08:55:55Z
tt1336608,Q651060,Rock_of_Ages_(2012_film),2026-09-28T08:55:55Z
tt1341188,Q523197,How_Do_You_Know,2026-09-28T08:55:55Z
tt1341338,Q125843356,"Good_Luck,_Have_Fun,_Don't_Die",2026-09-28T08:55:55Z
tt13515090,Q107610344,Joyride_(2022_film),2026-09-28T08:55:55Z
tt13801462,Q116675748,Gandhi_Godse_–_Ek_Yudh,2026-09-28T08:55:55Z
tt13866142,Q104884970,,2026-09-28T08:55:55Z
tt1386703,Q634810,Total_Recall_(2012_film),2026-09-28T08:55:55Z
tt13918550,Q105605255,Black_Site_(2022_film),2026-09-28T08:55:55Z
tt13989030,Q105720882,The_Royal_Treatment_(film),2026-09-28T08:55:55Z
tt1414378,Q3536311,Tracker_(2010_film),2026-09-28T08:55:55Z
tt1418712,Q3358646,Outpost:_Black_Sun,2026-09-28T08:55:55Z
tt1424310,Q391143,CZ12,2026-09-28T08:55:55Z
tt1430110,Q774375,Rapt_(film),2026-09-28T08:55:55Z
tt1438173,Q970746,Bait_3D,2026-09-28T08:55:55Z
tt14463484,Q110833192,Through_My_Window_(film),2026-09-28T08:55:55Z
tt1452628,Q1213427,Vanishing_on_7th_Street,2026-09-28T08:55:55Z
tt14564000,Q109701344,Guntur_Kaaram,2026-09-28T08:55:55Z
tt14604100,,,2026-09-28T08:55:55Z
tt1464540,Q470407,I_Am_Number_Four_(film),2026-09-28T08:55:55Z
tt14722598,Q107985423,Rainbow_(2022_film),2026-09-28T08:55:55Z
tt14917354,Q108146404,,2026-09-28T08:55:55Z
tt1496872,Q7532272,Siva_Manasula_Sakthi,2026-09-28T08:55:55Z
tt15005606,Q112135884,Peter_Five_Eight,2026-09-28T08:55:55Z
tt15009428,Q107460063,Argylle,2026-09-28T08:55:55Z
tt15165236,Q121222313,,2026-09-28T08:55:55Z
tt15262370,Q114069376,Maneater_(2022_film),2026-09-28T08:55:55Z
tt15309808,Q116452897,Michael_(2023_film),2026-09-28T08:55:55Z
tt1535616,Q1779956,The_Divide_(2011_film),2026-09-28T08:55:55Z
tt15514498,Q130123022,Eenie_Meanie_(film),2026-09-28T08:55:55Z
tt1582466,Q1008801,Adhurs,2026-09-28T08:55:55Z
tt1610452,Q1213489,Band_Baaja_Baaraat,2026-09-28T08:55:55Z
tt16303830,Q109228965,Nothing_Serious_(film),2026-09-28T08:55:55Z
tt16464084,Q115802670,Stay_the_Night_(2022_film),2026-09-28T08:55:55Z
tt1650042,Q20082169,,2026-09-28T08:55:55Z
tt1650554,Q1758468,Kick-Ass_2_(film),2026-09-28T08:55:55Z
tt1667150,Q3282717,What_Women_Want_(2011_film),2026-09-28T08:55:55Z
tt1692189,Q15702316,Don_Seenu,2026-09-28T08:55:55Z
tt1753640,Q5187761,Crook_(film),2026-09-28T08:55:55Z
tt1798709,Q788822,Her_(2013_film),2026-09-28T08:55:55Z
tt1800246,Q12101199,That_Awkward_Moment,2026-09-28T08:55:55Z
tt18411838,,,2026-09-28T08:55:55Z
tt1844635,,,2026-09-28T08:55:55Z
tt1876373,Q6683799,Lost_&_Found_in_Armenia,2026-09-28T08:55:55Z
tt1890513,Q7283098,Ragini_MMS,2026-09-28T08:55:55Z
tt18970380,Q111685000,The_Taming_of_the_Shrewd,2026-09-28T08:55:55Z
tt19632738,Q135153255,,2026-09-28T08:55:55Z
tt2050633,Q7715695,The_Barrens_(film),2026-09-28T08:55:55Z
tt2055765,Q7474602,The_English_Teacher_(film),2026-09-28T08:55:55Z
tt2062661,Q15920083,Area_407,2026-09-28T08:55:55Z
tt2071550,Q3353162,Open_Grave,2026-09-28T08:55:55Z
tt2102465,Q17416332,,2026-09-28T08:55:55Z
tt2149814,Q16125739,,2026-09-28T08:55:55Z
tt2184233,Q41694729,1_Mile_to_You,2026-09-28T08:55:55Z
tt2190483,Q4180740,Living_(2012_film),2026-09-28T08:55:55Z
tt22036922,Q121097473,Mr._King,2026-09-28T08:55:55Z
tt2231208,Q4711987,Rio_2096:_A_Story_of_Love_and_Fury,2026-09-28T08:55:55Z
tt22334258,Q125883233,Someone_Like_You_(2024_film),2026-09-28T08:55:55Z
tt2235695,Q65091288,Rebecca_(2020_film),2026-09-28T08:55:55Z
tt22408160,Q114345051,Kinds_of_Kindness,2026-09-28T08:55:55Z
tt2245003,Q18152748,Miss_You_Already,2026-09-28T08:55:55Z
tt2253742,Q498422,R2B:_Return_to_Base,2026-09-28T08:55:55Z
tt23865942,Q135443295,Sarzameen,2026-09-28T08:55:55Z
tt2392830,Q20649524,A_Quiet_Passion,2026-09-28T08:55:55Z
tt2395417,Q15632569,Still_Life_(2013_film),2026-09-28T08:55:55Z
tt2406676,Q5350251,Ek_Thi_Daayan,2026-09-28T08:55:55Z
tt2414040,Q17632824,An_Eye_for_Beauty,2026-09-28T08:55:55Z
tt2443022,,,2026-09-28T08:55:55Z
tt2527186,Q15040714,All_Cheerleaders_Die,2026-09-28T08:55:55Z
tt2537176,Q15039856,I_Spit_on_Your_Grave_2,2026-09-28T08:55:55Z
tt25947954,Q121099571,Gray_Matter_(film),2026-09-28T08:55:55Z
tt2649128,Q4291959,Metro_(2013_film),2026-09-28T08:55:55Z
tt26660615,Q117787446,Life_for_Real,2026-09-28T08:55:55Z
tt2669336,Q18611456,Time_Lapse_(film),2026-09-28T08:55:55Z
tt26899693,Q117100915,Meth_Gator,2026-09-28T08:55:55Z
tt27114092,Q116465881,Major_Grom:_The_Game,2026-09-28T08:55:55Z
tt27487934,Q122921080,The_Greatest_of_All_Time,2026-09-28T08:55:55Z
tt27490380,Q124102275,13_Bombs_in_Jakarta,2026-09-28T08:55:55Z
tt27802490,Q117322466,Exhuma,2026-09-28T08:55:55Z
tt2819358,Q5590205,Goynar_Baksho,2026-09-28T08:55:55Z
tt28607951,Q123185887,Anora,2026-09-28T08:55:55Z
tt2901962,Q17381944,,2026-09-28T08:55:55Z
tt2908446,Q16997069,The_Divergent_Series:_Insurgent,2026-09-28T08:55:55Z
tt29344903,Q131429164,The_Ugly_Stepsister,2026-09-28T08:55:55Z
tt29456979,Q126362622,Little_Hearts_(2024_film),2026-09-28T08:55:55Z
tt29567402,Q123260727,Rabbit_Trap,2026-09-28T08:55:55Z
tt3063462,Q18923441,,2026-09-28T08:55:55Z
tt3092076,Q15984635,"Les_Trois_Frères,_le_retour",2026-09-28T08:55:55Z
tt30973261,Q124407152,I_Am_Nevenka,2026-09-28T08:55:55Z
tt31013030,Q124554216,Flight_404_(film),2026-09-28T08:55:55Z
tt31226981,Q131548050,Sankranthiki_Vasthunam,2026-09-28T08:55:55Z
tt31242102,Q136457058,Solo_Boy,2026-09-28T08:55:55Z
tt3155654,Q14723541,Hide_and_Seek_(2013_film),2026-09-28T08:55:55Z
tt3204632,Q39075653,Like_Me_(film),2026-09-28T08:55:55Z
tt32123395,Q131456643,Altered_(2024_film),2026-09-28T08:55:55Z
tt3238502,Q27942965,Zombie_Spring_Breakers,2026-09-28T08:55:55Z
tt32768323,Q126086644,The_Assessment,2026-09-28T08:55:55Z
tt33349807,Q133844344,Sugar_Mill,2026-09-28T08:55:55Z
tt3433074,Q16998253,Mrs._Brown's_Boys_D'Movie,2026-09-28T08:55:55Z
tt3465074,Q19007151,88_(film),2026-09-28T08:55:55Z
tt3564794,Q27590564,Welcome_to_Happiness,2026-09-28T08:55:55Z
tt3608654,Q104519128,,2026-09-28T08:55:55Z
tt3620418,Q19520824,Boy_7_(2015_Dutch_film),2026-09-28T08:55:55Z
tt36440312,Q134732525,Dan_Da_Dan:_Evil_Eye,2026-09-28T08:55:55Z
tt36491337,Q134434990,His_Story_of_Itihaas,2026-09-28T08:55:55Z
tt3685218,Q18150883,Felix_and_Meira,2026-09-28T08:55:55Z
tt3748528,Q19590955,Rogue_One,2026-09-28T08:55:55Z
tt3778644,Q27038847,Solo:_A_Star_Wars_Story,2026-09-28T08:55:55Z
tt3800028,Q18434554,Gift_from_the_Heart,2026-09-28T08:55:55Z
tt3960412,Q20001462,Popstar:_Never_Stop_Never_Stopping,2026-09-28T08:55:55Z
tt3982774,Q19473376,,2026-09-28T08:55:55Z
tt4073890,Q47088341,Andron_(film),2026-09-28T08:55:55Z
tt4076926,Q48671173,The_Heyday_of_the_Insensitive_Bastards,2026-09-28T08:55:55Z
tt4085084,Q19824786,Disorder_(2015_film),2026-09-28T08:55:55Z
tt4264426,Q27958091,Bite_(film),2026-09-28T08:55:55Z
tt4383594,Q20002304,Nine_Lives_(2016_film),2026-09-28T08:55:55Z
tt4411584,Q76488940,The_Secret:_Dare_to_Dream,2026-09-28T08:55:55Z
tt4435072,Q104904706,Liger_(film),2026-09-28T08:55:55Z
tt4439102,Q24211109,Officer_Downe_(film),2026-09-28T08:55:55Z
tt4602066,Q30597799,The_Catcher_Was_a_Spy_(film),2026-09-28T08:55:55Z
tt4616250,Q47004525,The_Perfect_Weapon_(2016_film),2026-09-28T08:55:55Z
tt4642970,,,2026-09-28T08:55:55Z
tt4669264,Q27958213,Beirut_(film),2026-09-28T08:55:55Z
tt4729430,Q67208596,Klaus_(film),2026-09-28T08:55:55Z
tt4932154,Q25936326,Center_of_My_World_(film),2026-09-28T08:55:55Z
tt5197544,Q20926266,Baar_Baar_Dekho,2026-09-28T08:55:55Z
tt5259966,Q26721633,No_Manches_Frida,2026-09-28T08:55:55Z
tt5271432,Q20992319,Adi_Kapyare_Kootamani,2026-09-28T08:55:55Z
tt5465370,Q19881820,Akira_(2016_Hindi_film),2026-09-28T08:55:55Z
tt5534434,Q43259908,Victor_Crowley_(film),2026-09-28T08:55:55Z
tt5697870,Q39659526,Lucknow_Central,2026-09-28T08:55:55Z
tt5999530,Q29385180,Before_We_Vanish,2026-09-28T08:55:55Z
tt6290798,Q56907035,UFO_(2018_film),2026-09-28T08:55:55Z
tt6295898,Q28416392,The_Tag-Along_2,2026-09-28T08:55:55Z
tt6570372,,,2026-09-28T08:55:55Z
tt6888938,Q98931434,White_Chamber_(film),2026-09-28T08:55:55Z
tt6988366,,,2026-09-28T08:55:55Z
tt7209510,Q51278962,Glossary_of_Broken_Dreams,2026-09-28T08:55:55Z
tt7225386,Q57443391,25_km/h,2026-09-28T08:55:55Z
tt7660450,Q55766461,La_profezia_dell'armadillo,2026-09-28T08:55:55Z
tt7778680,Q65117495,Photograph_(film),2026-09-28T08:55:55Z
tt7838494,Q84020565,The_Waiter_(2018_film),2026-09-28T08:55:55Z
tt8239806,Q55388729,The_White_Storm_2:_Drug_Lords,2026-09-28T08:55:55Z
tt8587122,Q55593937,,2026-09-28T08:55:55Z
tt8706988,Q62032688,,2026-09-28T08:55:55Z
tt9362930,Q107808351,Blue_Beetle_(film),2026-09-28T08:55:55Z
tt9372172,Q86724751,,2026-09-28T08:55:55Z
