imdb_id,primary_title,title_en,title_vi,source,translated_at
tt0079718,Flatfoot in Egypt,Flatfoot in Egypt,Thanh tra Chân To ở Ai Cập,machine,2026-09-28
tt0081633,Time Bandits,Time Bandits,Những tên trộm thời gian,machine,2026-09-28
tt0083199,Dangerous Encounters of the First Kind,Dangerous Encounters of the First Kind,Chạm trán nguy hiểm loại một,machine,2026-09-28
tt0085426,The Last Battle,The Last Battle,Trận chiến cuối cùng,machine,2026-09-28
tt0085750,Jaws 3-D,Jaws 3-D,Hàm cá mập 3-D,machine,2026-09-28
tt0086856,The Adventures of Buckaroo Banzai Across the 8th Dimension,The Adventures of Buckaroo Banzai Across the 8th Dimension,Cuộc phiêu lưu của Buckaroo Banzai xuyên chiều không gian thứ 8,machine,2026-09-28
tt0087065,Cloak & Dagger,Cloak & Dagger,Áo choàng và dao găm,machine,2026-09-28
tt0087354,Grace Quigley,Grace Quigley,Grace Quigley,machine,2026-09-28
tt0087821,Full Moon in Paris,Full Moon in Paris,Trăng tròn ở Paris,machine,2026-09-28
tt0090274,Volunteers,Volunteers,Tình nguyện viên,machine,2026-09-28
tt0090956,Eastern Condors,Eastern Condors,Kền kền phương Đông,machine,2026-09-28
tt0091630,Night of the Creeps,Night of the Creeps,Đêm của lũ ký sinh,machine,2026-09-28
tt0092656,The Big Town,The Big Town,Thành phố lớn,machine,2026-09-28
tt0093771,A Prayer for the Dying,A Prayer for the Dying,Lời cầu nguyện cho người sắp chết,machine,2026-09-28
tt0094336,Withnail and I,Withnail and I,Withnail và tôi,machine,2026-09-28
tt0094961,Dead Heat,Dead Heat,Cảnh sát xác sống,machine,2026-09-28
tt0095047,Doin' Time on Planet Earth,Doin' Time on Planet Earth,Lạc lõng trên Trái Đất,machine,2026-09-28
tt0096087,Shakedown,Shakedown,Tống tiền,machine,2026-09-28
tt0096344,The Unnamable,The Unnamable,Thứ không thể gọi tên,machine,2026-09-28
tt0096827,Apoorva Sagodharargal,Apoorva Sagodharargal,Những anh em phi thường,machine,2026-09-28
tt0096919,Beyond Dream's Door,Beyond Dream's Door,Bên kia cánh cửa giấc mơ,machine,2026-09-28
tt0097074,Cohen and Tate,Cohen and Tate,Cohen và Tate,machine,2026-09-28
tt0097244,God of Gamblers,God of Gamblers,Thần bài,machine,2026-09-28
tt0097388,Friday the 13th Part VIII: Jason Takes Manhattan,Friday the 13th Part VIII: Jason Takes Manhattan,Thứ Sáu ngày 13 phần VIII: Jason đến Manhattan,machine,2026-09-28
tt0097438,Gleaming the Cube,Gleaming the Cube,Tay trượt ván liều lĩnh,machine,2026-09-28
tt0097530,How I Got Into College,How I Got Into College,Tôi đã vào đại học như thế nào,machine,2026-09-28
tt0098097,Pink Cadillac,Pink Cadillac,Chiếc Cadillac hồng,machine,2026-09-28
tt0098319,Shirley Valentine,Shirley Valentine,Shirley Valentine,machine,2026-09-28
tt0098375,Spontaneous Combustion,Spontaneous Combustion,Tự bốc cháy,machine,2026-09-28
tt0099108,Basket Case 2,Basket Case 2,Quái thai trong giỏ 2,machine,2026-09-28
tt0099172,Braca po materi,Brothers by Mother,Anh em cùng mẹ,machine,2026-09-28
tt0100234,Close-Up,Close-Up,Cận cảnh,machine,2026-09-28
tt0101748,Dogfight,Dogfight,Cuộc cá cược,machine,2026-09-28
tt0103956,Child's Play 3,Child's Play 3,Ma búp bê 3,machine,2026-09-28
tt0104759,The Lost World,The Lost World,Thế giới đã mất,machine,2026-09-28
tt0105150,The Playboys,The Playboys,Những gã lãng tử,machine,2026-09-28
tt0106417,Sailor Moon R: The Movie: The Promise of the Rose,Sailor Moon R: The Movie: The Promise of the Rose,Thủy thủ Mặt Trăng R – Bản điện ảnh: Lời hứa của đóa hồng,machine,2026-09-28
tt0107290,Jurassic Park,Jurassic Park,Công viên kỷ Jura,machine,2026-09-28
tt0107668,Nemesis,Nemesis,Kẻ thù truyền kiếp,machine,2026-09-28
tt0108606,Heroic Trio 2: Executioners,Heroic Trio 2: Executioners,Đông phương tam hiệp 2,machine,2026-09-28
tt0109665,Dream Lover,Dream Lover,Người tình trong mộng,machine,2026-09-28
tt0110391,Love Affair,Love Affair,Chuyện tình,machine,2026-09-28
tt0112553,Bombay,Bombay,Bombay,machine,2026-09-28
tt0113481,Johnny Mnemonic,Johnny Mnemonic,Johnny Mnemonic: Người vận chuyển ký ức,machine,2026-09-28
tt0114496,Something to Talk About,Something to Talk About,Chuyện để bàn tán,machine,2026-09-28
tt0117128,Mystery Science Theater 3000: The Movie,Mystery Science Theater 3000: The Movie,Mystery Science Theater 3000: Bản điện ảnh,machine,2026-09-28
tt0117959,The Truce,The Truce,Cuộc đình chiến,machine,2026-09-28
tt0118015,Family Resemblances,Family Resemblances,Nét giống gia đình,machine,2026-09-28
tt0118040,Unforgettable,Unforgettable,Không thể quên,machine,2026-09-28
tt0118583,Alien: Resurrection,Alien: Resurrection,Quái vật không gian: Hồi sinh,machine,2026-09-28
tt0119822,As Good as It Gets,As Good as It Gets,Không thể tốt hơn,machine,2026-09-28
tt0138703,Phantasm IV: Oblivion,Phantasm IV: Oblivion,Ảo ảnh IV: Quên lãng,machine,2026-09-28
tt0141098,Forces of Nature,Forces of Nature,Sức mạnh thiên nhiên,machine,2026-09-28
tt0150464,In All Innocence,In All Innocence,Trong ngây thơ,machine,2026-09-28
tt0152256,Saagar,Saagar,Biển cả,machine,2026-09-28
tt0165832,Interstate 60,Interstate 60,Xa lộ 60,machine,2026-09-28
tt0169164,Radio Arrow,Radio Arrow,Đài phát thanh Mũi Tên,machine,2026-09-28
tt0174336,Whipped,Whipped,Lụy tình,machine,2026-09-28
tt0179182,Forever Mine,Forever Mine,Mãi là của anh,machine,2026-09-28
tt0192455,Picking Up the Pieces,Picking Up the Pieces,Nhặt lại từng mảnh,machine,2026-09-28
tt0212380,Blow Dry,Blow Dry,Cuộc thi làm tóc,machine,2026-09-28
tt0228333,Ghosts of Mars,Ghosts of Mars,Bóng ma sao Hỏa,machine,2026-09-28
tt0242285,The Art of Dying,The Art of Dying,Nghệ thuật của cái chết,machine,2026-09-28
tt0250224,Crazy/Beautiful,Crazy/Beautiful,Điên rồ/Xinh đẹp,machine,2026-09-28
tt0253754,Star Trek: Nemesis,Star Trek: Nemesis,Star Trek: Kẻ thù truyền kiếp,machine,2026-09-28
tt0275692,Sol Goode,Sol Goode,Sol Goode,machine,2026-09-28
tt0283269,Boomerang,Boomerang,Boomerang,machine,2026-09-28
tt0286751,Pulse,Pulse,Tín hiệu từ cõi chết,machine,2026-09-28
tt0307681,I Not Stupid,I Not Stupid,Tôi không ngốc,machine,2026-09-28
tt0310313,A New Life,A New Life,Cuộc sống mới,machine,2026-09-28
tt0323120,Loving Annabelle,Loving Annabelle,Yêu Annabelle,machine,2026-09-28
tt0330136,Charly,Charly,Charly,machine,2026-09-28
tt0331282,Little Night Music,Little Night Music,Khúc nhạc đêm nhỏ,machine,2026-09-28
tt0354243,Zhou Yu's Train,Zhou Yu's Train,Chuyến tàu của Chu Ngư,machine,2026-09-28
tt0354538,Ek Aur Ek Gyarah: By Hook or by Crook,Ek Aur Ek Gyarah: By Hook or by Crook,Một cộng một bằng mười một: Bằng mọi giá,machine,2026-09-28
tt0366842,Turkish Tales,Turkish Tales,Chuyện kể Thổ Nhĩ Kỳ,machine,2026-09-28
tt0372237,Guess Who,Guess Who,Đoán xem ai,machine,2026-09-28
tt0374271,In Your Name,In Your Name,Nhân danh em,machine,2026-09-28
tt0375104,Bobby Jones: Stroke of Genius,Bobby Jones: Stroke of Genius,Bobby Jones: Cú đánh thiên tài,machine,2026-09-28
tt0388377,River Queen,River Queen,Nữ hoàng dòng sông,machine,2026-09-28
tt0401248,Beautiful Boxer,Beautiful Boxer,Võ sĩ xinh đẹp,machine,2026-09-28
tt0403217,Last Days,Last Days,Những ngày cuối,machine,2026-09-28
tt0429052,Saint-Jacques... La Mecque,Saint-Jacques... Mecca,Saint-Jacques... Thánh địa Mecca,machine,2026-09-28
tt0432637,Krrish,Krrish,Krrish,machine,2026-09-28
tt0433387,Harsh Times,Harsh Times,Thời khắc nghiệt,machine,2026-09-28
tt0439418,7/G Rainbow Colony,7/G Rainbow Colony,Khu phố Cầu Vồng 7/G,machine,2026-09-28
tt0444112,Orchestra Seats,Orchestra Seats,Ghế khán phòng,machine,2026-09-28
tt0448075,The Night Listener,The Night Listener,Người nghe đêm,machine,2026-09-28
tt0452664,Party Crashers,Party Crashers,Những kẻ phá tiệc,machine,2026-09-28
tt0452668,Pterosaurus,Pterosaurus,Thằn lằn bay,machine,2026-09-28
tt0455362,The Breed,The Breed,Giống loài,machine,2026-09-28
tt0459293,"Gandhi, My Father","Gandhi, My Father","Gandhi, cha tôi",machine,2026-09-28
tt0460394,Aithe,Aithe,Nếu như,machine,2026-09-28
tt0462465,Outlander,Outlander,Kẻ ngoại lai,machine,2026-09-28
tt0464160,Chup Chup Ke,Chup Chup Ke,Lén lút,machine,2026-09-28
tt0466103,Pyl,Dust,Bụi,machine,2026-09-28
tt0470967,Voice,Voice,Ngôi trường ma ám 4: Giọng nói,machine,2026-09-28
tt0471041,The Tournament,The Tournament,Giải đấu tử thần,machine,2026-09-28
tt0481354,The Imam,The Imam,Vị giáo sĩ,machine,2026-09-28
tt0483631,Gettin' It,Gettin' It,Chinh phục,machine,2026-09-28
tt0487011,Anandabhadram,Anandabhadram,Anandabhadram,machine,2026-09-28
tt0758752,Love & Other Drugs,Love & Other Drugs,Tình yêu và những liều thuốc,machine,2026-09-28
tt0758762,The Last Sentinel,The Last Sentinel,Lính gác cuối cùng,machine,2026-09-28
tt0768218,The Mysteries of Pittsburgh,The Mysteries of Pittsburgh,Những bí ẩn của Pittsburgh,machine,2026-09-28
tt0780583,Flight of the Living Dead,Flight of the Living Dead,Chuyến bay của xác sống,machine,2026-09-28
tt0790602,Nitro,Nitro,Nitro,machine,2026-09-28
tt0826631,Exam,Exam,Kỳ thi,machine,2026-09-28
tt0836700,Summer Hours,Summer Hours,Những giờ mùa hè,machine,2026-09-28
tt0843878,UKM: The Ultimate Killing Machine,UKM: The Ultimate Killing Machine,UKM: Cỗ máy giết người tối thượng,machine,2026-09-28
tt0844319,Kaidan,Kaidan,Chuyện ma,machine,2026-09-28
tt0870111,Frost/Nixon,Frost/Nixon,Frost/Nixon: Cuộc đối đầu,machine,2026-09-28
tt0870944,Tears for You,Tears for You,Nước mắt vì em,machine,2026-09-28
tt0892769,How to Train Your Dragon,How to Train Your Dragon,Bí kíp luyện rồng,machine,2026-09-28
tt0896923,The City of Your Final Destination,The City of Your Final Destination,Thành phố của điểm đến cuối cùng,machine,2026-09-28
tt0902290,I Sell the Dead,I Sell the Dead,Tôi bán xác chết,machine,2026-09-28
tt0914798,The Boy in the Striped Pajamas,The Boy in the Striped Pajamas,Chú bé mang pyjama sọc,machine,2026-09-28
tt0937378,Wolf,Wolf,Sói,machine,2026-09-28
tt0960890,Zombie Strippers!,Zombie Strippers!,Vũ nữ xác sống!,machine,2026-09-28
tt0963194,Repo! The Genetic Opera,Repo! The Genetic Opera,Repo! Nhạc kịch di truyền,machine,2026-09-28
tt0995868,Pele: Birth of a Legend,Pele: Birth of a Legend,Pelé: Huyền thoại ra đời,machine,2026-09-28
tt1001508,He's Just Not That Into You,He's Just Not That Into You,Anh ấy không thích bạn đến thế,machine,2026-09-28
tt10110614,Apples,Apples,Những quả táo,machine,2026-09-28
tt10260844,Queen of Spades,Queen of Spades,Quân Đầm Bích,machine,2026-09-28
tt10329842,Hero,Hero,Người hùng,machine,2026-09-28
tt1034303,Defiance,Defiance,Bất khuất,machine,2026-09-28
tt10370042,Rising Wolf,Rising Wolf,Sói trỗi dậy,machine,2026-09-28
tt10399608,Piggy,Piggy,Heo con,machine,2026-09-28
tt10676052,The Fantastic Four: First Steps,The Fantastic Four: First Steps,Bộ tứ siêu đẳng: Bước đi đầu tiên,machine,2026-09-28
tt10713340,Held,Held,Giam cầm,machine,2026-09-28
tt1078588,My Sister's Keeper,My Sister's Keeper,Người bảo vệ em gái tôi,machine,2026-09-28
tt10928086,Knocking,Knocking,Tiếng gõ,machine,2026-09-28
tt11107074,My Hero Academia: Heroes Rising,My Hero Academia: Heroes Rising,Học viện siêu anh hùng: Người hùng trỗi dậy,machine,2026-09-28
tt11225626,Am I OK?,Am I OK?,Tôi có ổn không?,machine,2026-09-28
tt11261532,The Mannequin,The Mannequin,Ma-nơ-canh,machine,2026-09-28
tt1135095,Tell Tale,Tell Tale,Nhịp đập tố giác,machine,2026-09-28
tt1135961,Bangkok Love Story,Bangkok Love Story,Chuyện tình Bangkok,machine,2026-09-28
tt11608126,Heir of the Witch,Heir of the Witch,Người thừa kế của phù thủy,machine,2026-09-28
tt11610804,Haute Couture,Haute Couture,Thời trang cao cấp,machine,2026-09-28
tt1161418,Gentlemen Broncos,Gentlemen Broncos,Gentlemen Broncos,machine,2026-09-28
tt1181791,Black Death,Black Death,Cái chết đen,machine,2026-09-28
tt11866370,Aranmanai 3,Aranmanai 3,Cung điện ma ám 3,machine,2026-09-28
tt1194616,LOL (Laughing Out Loud),LOL (Laughing Out Loud),LOL (Cười lớn),machine,2026-09-28
tt1209361,Sutures,Sutures,Vết khâu,machine,2026-09-28
tt12163074,The Resort,The Resort,Khu nghỉ dưỡng,machine,2026-09-28
tt1239446,The Last Days of Emma Blank,The Last Days of Emma Blank,Những ngày cuối của Emma Blank,machine,2026-09-28
tt12585076,Moonshot,Moonshot,Cú phóng ngoạn mục,machine,2026-09-28
tt1274596,USS Seaviper,USS Seaviper,Tàu USS Seaviper,machine,2026-09-28
tt12763920,Deliver Us from Evil,Deliver Us from Evil,Ác quỷ đối đầu,machine,2026-09-28
tt12857614,"Love, Life & Pakodi","Love, Life & Pakodi","Tình yêu, cuộc sống và Pakodi",machine,2026-09-28
tt12875782,Freaks: You're One of Us,Freaks: You're One of Us,Dị nhân: Bạn là một trong số chúng tôi,machine,2026-09-28
tt13043436,The Humans and the Mongoose,The Humans and the Mongoose,Loài người và con cầy mangut,machine,2026-09-28
tt1322930,Alone,Alone,Cô đơn,machine,2026-09-28
tt1329454,Vengeance,Vengeance,Báo thù,machine,2026-09-28
tt13316790,Off Track,Off Track,Lạc lối,machine,2026-09-28
tt1336608,Rock of Ages,Rock of Ages,Rock of Ages: Thời hoàng kim nhạc rock,machine,2026-09-28
tt1341188,How Do You Know,How Do You Know,Làm sao anh biết,machine,2026-09-28
tt1341338,"Good Luck, Have Fun, Don't Die","Good Luck, Have Fun, Don't Die","Chúc may mắn, chơi vui, đừng chết",machine,2026-09-28
tt13515090,Joyride,Joyride,Chuyến đi vui vẻ,machine,2026-09-28
tt13801462,Gandhi Godse Ek Yudh,Gandhi Godse Ek Yudh,Gandhi và Godse: Một cuộc chiến,machine,2026-09-28
tt13866142,Wish You,Wish You,Ước gì có anh,machine,2026-09-28
tt1386703,Total Recall,Total Recall,Truy tìm ký ức,machine,2026-09-28
tt13918550,Black Site,Black Site,Nhà tù bí mật,machine,2026-09-28
tt13989030,The Royal Treatment,The Royal Treatment,Đối đãi hoàng gia,machine,2026-09-28
tt1414378,Tracker,Tracker,Kẻ truy lùng,machine,2026-09-28
tt1418712,Outpost: Black Sun,Outpost: Black Sun,Tiền đồn: Mặt trời đen,machine,2026-09-28
tt1424310,Chinese Zodiac,Chinese Zodiac,Thập nhị con giáp,machine,2026-09-28
tt1430110,Rapt,Rapt,Bắt cóc,machine,2026-09-28
tt1438173,Bait,Bait,Mồi nhử,machine,2026-09-28
tt14463484,Through My Window,Through My Window,Qua khung cửa sổ,machine,2026-09-28
tt1452628,Vanishing on 7th Street,Vanishing on 7th Street,Biến mất trên phố số 7,machine,2026-09-28
tt14564000,Guntur Kaaram,Guntur Kaaram,Ớt cay Guntur,machine,2026-09-28
tt14604100,Friday the 13th Vengeance 2: Bloodlines,Friday the 13th Vengeance 2: Bloodlines,Thứ Sáu ngày 13 – Báo thù 2: Huyết thống,machine,2026-09-28
tt1464540,I Am Number Four,I Am Number Four,Tôi là số bốn,machine,2026-09-28
tt14722598,Rainbow,Rainbow,Cầu vồng,machine,2026-09-28
tt14917354,The House,The House,Ngôi nhà,machine,2026-09-28
tt1496872,Siva Manasula Sakthi,Siva Manasula Sakthi,Sakthi trong trái tim Siva,machine,2026-09-28
tt15005606,Peter Five Eight,Peter Five Eight,Peter Five Eight,machine,2026-09-28
tt15009428,Argylle,Argylle,Argylle: Siêu điệp viên,machine,2026-09-28
tt15165236,The Hand,The Hand,Bàn tay,machine,2026-09-28
tt15262370,Maneater,Maneater,Kẻ ăn thịt người,machine,2026-09-28
tt15309808,Michael,Michael,Michael,machine,2026-09-28
tt1535616,The Divide,The Divide,Ranh giới,machine,2026-09-28
tt15514498,Eenie Meanie,Eenie Meanie,Eenie Meanie,machine,2026-09-28
tt1582466,Adhurs,Adhurs,Adhurs,machine,2026-09-28
tt1610452,Band Baaja Baaraat,Band Baaja Baaraat,Kèn trống rước dâu,machine,2026-09-28
tt16303830,Nothing Serious,Nothing Serious,Không có gì nghiêm túc,machine,2026-09-28
tt16464084,Stay the Night,Stay the Night,Ở lại đêm nay,machine,2026-09-28
tt1650042,Dead Season,Dead Season,Mùa chết,machine,2026-09-28
tt1650554,Kick-Ass 2,Kick-Ass 2,Người hùng củ chuối 2,machine,2026-09-28
tt1667150,What Women Want,What Women Want,Điều phụ nữ muốn,machine,2026-09-28
tt1692189,Don Seenu,Don Seenu,Don Seenu,machine,2026-09-28
tt1753640,Crook: It's Good to Be Bad,Crook: It's Good to Be Bad,Kẻ gian: Làm người xấu cũng hay,machine,2026-09-28
tt1798709,Her,Her,Người tình ảo,machine,2026-09-28
tt1800246,That Awkward Moment,That Awkward Moment,Khoảnh khắc khó xử,machine,2026-09-28
tt18411838,Woman in the Maze,Woman in the Maze,Người phụ nữ trong mê cung,machine,2026-09-28
tt1844635,The Bucks County Massacre,The Bucks County Massacre,Thảm sát ở hạt Bucks,machine,2026-09-28
tt1876373,Lost and Found in Armenia,Lost and Found in Armenia,Lạc lối và tìm thấy ở Armenia,machine,2026-09-28
tt1890513,Ragini MMS,Ragini MMS,Ragini MMS,machine,2026-09-28
tt18970380,The Taming of the Shrewd,The Taming of the Shrewd,Thuần hóa nàng đanh đá,machine,2026-09-28
tt19632738,Cherry Magic! Thirty Years of Virginity Can Make You a Wizard?!: The Movie,Cherry Magic! Thirty Years of Virginity Can Make You a Wizard?!: The Movie,Cherry Magic! 30 tuổi vẫn còn zin sẽ thành phù thủy?!: Bản điện ảnh,machine,2026-09-28
tt2050633,The Barrens,The Barrens,Vùng hoang vu,machine,2026-09-28
tt2055765,The English Teacher,The English Teacher,Cô giáo dạy văn,machine,2026-09-28
tt2062661,Area 407,Area 407,Khu vực 407,machine,2026-09-28
tt2071550,Open Grave,Open Grave,Mộ hở,machine,2026-09-28
tt2102465,At Night All Wolves Are Grey,At Night All Wolves Are Grey,Ban đêm mọi con sói đều xám,machine,2026-09-28
tt2149814,Wild Desire,Wild Desire,Dục vọng hoang dại,machine,2026-09-28
tt2184233,1 Mile to You,1 Mile to You,1 dặm đến em,machine,2026-09-28
tt2190483,Living,Living,Sống,machine,2026-09-28
tt22036922,Mr. King,Mr. King,Ông King,machine,2026-09-28
tt2231208,Rio 2096: A Story of Love and Fury,Rio 2096: A Story of Love and Fury,Rio 2096: Chuyện tình và cơn thịnh nộ,machine,2026-09-28
tt22334258,Someone Like You,Someone Like You,Một người như em,machine,2026-09-28
tt2235695,Rebecca,Rebecca,Rebecca,machine,2026-09-28
tt22408160,Kinds of Kindness,Kinds of Kindness,Những kiểu tử tế,machine,2026-09-28
tt2245003,Miss You Already,Miss You Already,Nhớ bạn rồi,machine,2026-09-28
tt2253742,Soar Into the Sun,Soar Into the Sun,Bay vào mặt trời,machine,2026-09-28
tt23865942,Sarzameen,Sarzameen,Quê hương,machine,2026-09-28
tt2392830,A Quiet Passion,A Quiet Passion,Đam mê thầm lặng,machine,2026-09-28
tt2395417,Still Life,Still Life,Tĩnh vật,machine,2026-09-28
tt2406676,Ek Thi Daayan,Ek Thi Daayan,Ngày xưa có một phù thủy,machine,2026-09-28
tt2414040,An Eye for Beauty,An Eye for Beauty,Con mắt thẩm mỹ,machine,2026-09-28
tt2443022,Dark Mountain,Dark Mountain,Ngọn núi đen tối,machine,2026-09-28
tt2527186,All Cheerleaders Die,All Cheerleaders Die,Hoạt náo viên phải chết,machine,2026-09-28
tt2537176,I Spit on Your Grave 2,I Spit on Your Grave 2,Ta nhổ lên mồ ngươi 2,machine,2026-09-28
tt25947954,Gray Matter,Gray Matter,Chất xám,machine,2026-09-28
tt2649128,Metro,Metro,Tàu điện ngầm,machine,2026-09-28
tt26660615,Life for Real,Life for Real,Cuộc sống thật,machine,2026-09-28
tt2669336,Time Lapse,Time Lapse,Tua nhanh thời gian,machine,2026-09-28
tt26899693,Attack of the Meth Gator,Attack of the Meth Gator,Cuộc tấn công của cá sấu ma túy,machine,2026-09-28
tt27114092,Major Grom: The Game,Major Grom: The Game,Thiếu tá Grom: Trò chơi,machine,2026-09-28
tt27487934,The Greatest of All Time,The Greatest of All Time,Vĩ đại nhất mọi thời đại,machine,2026-09-28
tt27490380,13 Bombs,13 Bombs,13 quả bom,machine,2026-09-28
tt27802490,Exhuma,Exhuma,Exhuma: Quật mộ trùng ma,machine,2026-09-28
tt2819358,Goynar Baksho,The Jewellery Box,Hộp trang sức,machine,2026-09-28
tt28607951,Anora,Anora,Anora,machine,2026-09-28
tt2901962,Kummeli V,Kummeli V,Kummeli V,machine,2026-09-28
tt2908446,The Divergent Series: Insurgent,The Divergent Series: Insurgent,Dị biệt 2: Những kẻ nổi loạn,machine,2026-09-28
tt29344903,The Ugly Stepsister,The Ugly Stepsister,Người chị kế xấu xí,machine,2026-09-28
tt29456979,Little Hearts,Little Hearts,Những trái tim bé nhỏ,machine,2026-09-28
tt29567402,Rabbit Trap,Rabbit Trap,Bẫy thỏ,machine,2026-09-28
tt3063462,If I Had Wings,If I Had Wings,Nếu tôi có đôi cánh,machine,2026-09-28
tt3092076,"Les trois frères, le retour",The Three Brothers: The Return,Ba anh em: Sự trở lại,machine,2026-09-28
tt30973261,I Am Nevenka,I Am Nevenka,Tôi là Nevenka,machine,2026-09-28
tt31013030,Flight 404,Flight 404,Chuyến bay 404,machine,2026-09-28
tt31226981,Sankrathiki Vasthunam,Sankrathiki Vasthunam,Về nhà dịp Tết Sankranti,machine,2026-09-28
tt31242102,Solo Boy,Solo Boy,Chàng trai độc thân,machine,2026-09-28
tt3155654,Hide and Seek,Hide and Seek,Trốn tìm,machine,2026-09-28
tt3204632,Like Me,Like Me,Thích tôi đi,machine,2026-09-28
tt32123395,Altered,Altered,Biến đổi,machine,2026-09-28
tt3238502,Zombie Spring Breakers,Zombie Spring Breakers,Xác sống kỳ nghỉ xuân,machine,2026-09-28
tt32768323,The Assessment,The Assessment,Cuộc thẩm định,machine,2026-09-28
tt33349807,Sugar Mill,Sugar Mill,Nhà máy đường,machine,2026-09-28
tt3433074,Mrs. Brown's Boys D'Movie,Mrs. Brown's Boys D'Movie,Những đứa con của bà Brown: Bản điện ảnh,machine,2026-09-28
tt3465074,88,88,88,machine,2026-09-28
tt3564794,Welcome to Happiness,Welcome to Happiness,Chào mừng đến với hạnh phúc,machine,2026-09-28
tt3608654,The Coed and the Zombie Stoner,The Coed and the Zombie Stoner,Nữ sinh và gã xác sống phê cần,machine,2026-09-28
tt3620418,Boy 7,Boy 7,Cậu bé số 7,machine,2026-09-28
tt36440312,Dan Da Dan: Evil Eye,Dan Da Dan: Evil Eye,Dandadan: Tà nhãn,machine,2026-09-28
tt36491337,His Story of Itihaas,His Story of Itihaas,Lịch sử theo cách của anh ấy,machine,2026-09-28
tt3685218,Felix and Meira,Felix and Meira,Felix và Meira,machine,2026-09-28
tt3748528,Rogue One: A Star Wars Story,Rogue One: A Star Wars Story,Rogue One: Star Wars ngoại truyện,machine,2026-09-28
tt3778644,Solo: A Star Wars Story,Solo: A Star Wars Story,Solo: Star Wars ngoại truyện,machine,2026-09-28
tt3800028,Pak van mijn hart,A Load Off My Heart,Trút gánh nặng trong lòng,machine,2026-09-28
tt3960412,Popstar: Never Stop Never Stopping,Popstar: Never Stop Never Stopping,Ngôi sao nhạc pop: Không bao giờ dừng lại,machine,2026-09-28
tt3982774,Hadi Insallah,"Come On, God Willing","Thôi nào, cầu trời",machine,2026-09-28
tt4073890,Andron,Andron,Andron: Mê cung đen,machine,2026-09-28
tt4076926,The Heyday of the Insensitive Bastards,The Heyday of the Insensitive Bastards,Thời hoàng kim của những kẻ vô cảm,machine,2026-09-28
tt4085084,Disorder,Disorder,Rối loạn,machine,2026-09-28
tt4264426,Bite,Bite,Vết cắn,machine,2026-09-28
tt4383594,Nine Lives,Nine Lives,Chín mạng,machine,2026-09-28
tt4411584,The Secret: Dare to Dream,The Secret: Dare to Dream,Bí mật: Dám mơ ước,machine,2026-09-28
tt4435072,Liger,Liger,Liger,machine,2026-09-28
tt4439102,Officer Downe,Officer Downe,Sĩ quan Downe,machine,2026-09-28
tt4602066,The Catcher Was a Spy,The Catcher Was a Spy,Cầu thủ bắt bóng là điệp viên,machine,2026-09-28
tt4616250,The Perfect Weapon,The Perfect Weapon,Vũ khí hoàn hảo,machine,2026-09-28
tt4642970,Llamageddon,Llamageddon,Llamageddon: Ngày tận thế lạc đà,machine,2026-09-28
tt4669264,Beirut,Beirut,Beirut,machine,2026-09-28
tt4729430,Klaus,Klaus,Klaus,machine,2026-09-28
tt4932154,Center of My World,Center of My World,Trung tâm thế giới của tôi,machine,2026-09-28
tt5197544,Baar Baar Dekho,Baar Baar Dekho,Nhìn lại lần nữa,machine,2026-09-28
tt5259966,No Manches Frida,No Manches Frida,"Đừng đùa, Frida",machine,2026-09-28
tt5271432,Adi Kapyare Kootamani,Adi Kapyare Kootamani,Adi Kapyare Kootamani,machine,2026-09-28
tt5465370,Akira,Akira,Akira,machine,2026-09-28
tt5534434,Victor Crowley,Victor Crowley,Victor Crowley,machine,2026-09-28
tt5697870,Lucknow Central,Lucknow Central,Nhà tù Lucknow Central,machine,2026-09-28
tt5999530,Before We Vanish,Before We Vanish,Trước khi chúng ta biến mất,machine,2026-09-28
tt6290798,UFO,UFO,UFO,machine,2026-09-28
tt6295898,The Tag-Along 2,The Tag-Along 2,Cô bé áo đỏ 2,machine,2026-09-28
tt6570372,Gags the Clown,Gags the Clown,Gã hề Gags,machine,2026-09-28
tt6888938,White Chamber,White Chamber,Căn phòng trắng,machine,2026-09-28
tt6988366,Beyond the Rush,Beyond the Rush,Vượt qua cơn lốc,machine,2026-09-28
tt7209510,Glossary of Broken Dreams,Glossary of Broken Dreams,Từ điển những giấc mơ tan vỡ,machine,2026-09-28
tt7225386,25 km/h,25 km/h,25 km/h,machine,2026-09-28
tt7660450,The Prophecy of the Armadillo,The Prophecy of the Armadillo,Lời tiên tri của con tatu,machine,2026-09-28
tt7778680,Photograph,Photograph,Bức ảnh,machine,2026-09-28
tt7838494,The Waiter,The Waiter,Người bồi bàn,machine,2026-09-28
tt8239806,The White Storm 2: Drug Lords,The White Storm 2: Drug Lords,Bão trắng 2: Trùm ma túy,machine,2026-09-28
tt8587122,Secrets in the Hot Spring,Secrets in the Hot Spring,Bí mật suối nước nóng,machine,2026-09-28
tt8706988,The Resistance Fighter,The Resistance Fighter,Chiến sĩ kháng chiến,machine,2026-09-28
tt9362930,Blue Beetle,Blue Beetle,Chiến binh bọ hung,machine,2026-09-28
tt9372172,Ballsy Girl,Ballsy Girl,Cô gái gan dạ,machine,2026-09-28
