imdb_id,primary_title,original_title,title_type,is_adult,start_year,end_year,runtime_minutes,average_rating,num_votes,genres,selected_for_categories,imdb_url
tt0079718,Flatfoot in Egypt,Piedone d'Egitto,movie,False,1980,,108,6.1,4033,"[""Action"", ""Comedy"", ""Crime""]","[""Action""]",https://www.imdb.com/title/tt0079718/
tt0081633,Time Bandits,Time Bandits,movie,False,1981,,110,6.9,74971,"[""Adventure"", ""Comedy"", ""Fantasy""]","[""Comedy""]",https://www.imdb.com/title/tt0081633/
tt0083199,Dangerous Encounters of the First Kind,Di yi lei xing wei xian,movie,False,1980,,95,7.3,1410,"[""Action"", ""Crime"", ""Thriller""]","[""Action""]",https://www.imdb.com/title/tt0083199/
tt0085426,The Last Battle,Le dernier combat,movie,False,1983,,92,6.7,7126,"[""Sci-Fi""]","[""Sci-Fi""]",https://www.imdb.com/title/tt0085426/
tt0085750,Jaws 3-D,Jaws 3-D,movie,False,1983,,98,3.8,53597,"[""Adventure"", ""Horror"", ""Thriller""]","[""Horror""]",https://www.imdb.com/title/tt0085750/
tt0086856,The Adventures of Buckaroo Banzai Across the 8th Dimension,The Adventures of Buckaroo Banzai Across the 8th Dimension,movie,False,1984,,103,6.2,33431,"[""Adventure"", ""Comedy"", ""Sci-Fi""]","[""Sci-Fi""]",https://www.imdb.com/title/tt0086856/
tt0087065,Cloak & Dagger,Cloak & Dagger,movie,False,1984,,101,6.6,9354,"[""Action"", ""Adventure"", ""Crime""]","[""Action""]",https://www.imdb.com/title/tt0087065/
tt0087354,Grace Quigley,Grace Quigley,movie,False,1984,,87,5.8,1051,"[""Comedy""]","[""Comedy""]",https://www.imdb.com/title/tt0087354/
tt0087821,Full Moon in Paris,Les Nuits de la pleine lune,movie,False,1984,,101,7.2,6118,"[""Comedy"", ""Drama"", ""Romance""]","[""Comedy""]",https://www.imdb.com/title/tt0087821/
tt0090274,Volunteers,Volunteers,movie,False,1985,,107,5.5,11845,"[""Adventure"", ""Comedy""]","[""Comedy""]",https://www.imdb.com/title/tt0090274/
tt0090956,Eastern Condors,Dung fong tuk ying,movie,False,1987,,93,7.1,3714,"[""Action"", ""Adventure"", ""War""]","[""Action""]",https://www.imdb.com/title/tt0090956/
tt0091630,Night of the Creeps,Night of the Creeps,movie,False,1986,,88,6.7,29215,"[""Comedy"", ""Horror"", ""Sci-Fi""]","[""Sci-Fi""]",https://www.imdb.com/title/tt0091630/
tt0092656,The Big Town,The Big Town,movie,False,1987,,109,5.9,2876,"[""Drama"", ""Romance"", ""Thriller""]","[""Romance""]",https://www.imdb.com/title/tt0092656/
tt0093771,A Prayer for the Dying,A Prayer for the Dying,movie,False,1987,,107,6.3,6475,"[""Action"", ""Crime"", ""Drama""]","[""Action""]",https://www.imdb.com/title/tt0093771/
tt0094336,Withnail and I,Withnail & I,movie,False,1987,,107,7.5,53081,"[""Comedy"", ""Drama""]","[""Comedy""]",https://www.imdb.com/title/tt0094336/
tt0094961,Dead Heat,Dead Heat,movie,False,1988,,84,6.1,10575,"[""Action"", ""Comedy"", ""Horror""]","[""Action""]",https://www.imdb.com/title/tt0094961/
tt0095047,Doin' Time on Planet Earth,Doin' Time on Planet Earth,movie,False,1988,,85,4.7,1702,"[""Comedy"", ""Sci-Fi""]","[""Sci-Fi""]",https://www.imdb.com/title/tt0095047/
tt0096087,Shakedown,Shakedown,movie,False,1988,,97,6.0,4546,"[""Action"", ""Crime"", ""Drama""]","[""Drama""]",https://www.imdb.com/title/tt0096087/
tt0096344,The Unnamable,The Unnamable,movie,False,1988,,87,4.8,3613,"[""Horror""]","[""Horror""]",https://www.imdb.com/title/tt0096344/
tt0096827,Apoorva Sagodharargal,Apoorva Sagodharargal,movie,False,1989,,157,8.3,5158,"[""Action"", ""Comedy"", ""Drama""]","[""Action""]",https://www.imdb.com/title/tt0096827/
tt0096919,Beyond Dream's Door,Beyond Dream's Door,movie,False,1989,,80,5.4,1081,"[""Drama"", ""Fantasy"", ""Horror""]","[""Horror""]",https://www.imdb.com/title/tt0096919/
tt0097074,Cohen and Tate,Cohen and Tate,movie,False,1988,,86,6.3,3092,"[""Action"", ""Crime"", ""Drama""]","[""Drama""]",https://www.imdb.com/title/tt0097074/
tt0097244,God of Gamblers,Do san,movie,False,1989,,126,7.2,7401,"[""Action"", ""Adventure"", ""Comedy""]","[""Comedy""]",https://www.imdb.com/title/tt0097244/
tt0097388,Friday the 13th Part VIII: Jason Takes Manhattan,Friday the 13th Part VIII: Jason Takes Manhattan,movie,False,1989,,100,4.5,49076,"[""Adventure"", ""Horror"", ""Thriller""]","[""Horror""]",https://www.imdb.com/title/tt0097388/
tt0097438,Gleaming the Cube,Gleaming the Cube,movie,False,1989,,105,6.3,10052,"[""Action"", ""Drama"", ""Mystery""]","[""Action""]",https://www.imdb.com/title/tt0097438/
tt0097530,How I Got Into College,How I Got Into College,movie,False,1989,,86,5.8,2524,"[""Comedy"", ""Romance""]","[""Comedy""]",https://www.imdb.com/title/tt0097530/
tt0098097,Pink Cadillac,Pink Cadillac,movie,False,1989,,122,5.4,13317,"[""Action"", ""Comedy"", ""Crime""]","[""Comedy""]",https://www.imdb.com/title/tt0098097/
tt0098319,Shirley Valentine,Shirley Valentine,movie,False,1989,,108,7.3,10016,"[""Comedy"", ""Drama"", ""Romance""]","[""Romance""]",https://www.imdb.com/title/tt0098319/
tt0098375,Spontaneous Combustion,Spontaneous Combustion,movie,False,1989,,97,4.9,3534,"[""Horror"", ""Sci-Fi"", ""Thriller""]","[""Sci-Fi""]",https://www.imdb.com/title/tt0098375/
tt0099108,Basket Case 2,Basket Case 2,movie,False,1990,,90,5.4,6521,"[""Comedy"", ""Horror""]","[""Horror""]",https://www.imdb.com/title/tt0099108/
tt0099172,Braca po materi,Braca po materi,movie,False,1988,,105,7.9,1436,"[""Drama""]","[""Drama""]",https://www.imdb.com/title/tt0099172/
tt0100234,Close-Up,Nema-ye nazdik,movie,False,1990,,98,8.2,27475,"[""Biography"", ""Crime"", ""Drama""]","[""Drama""]",https://www.imdb.com/title/tt0100234/
tt0101748,Dogfight,Dogfight,movie,False,1991,,94,7.3,11455,"[""Comedy"", ""Drama"", ""Romance""]","[""Comedy""]",https://www.imdb.com/title/tt0101748/
tt0103956,Child's Play 3,Child's Play 3,movie,False,1991,,90,5.2,52252,"[""Horror"", ""Thriller""]","[""Horror""]",https://www.imdb.com/title/tt0103956/
tt0104759,The Lost World,The Lost World,movie,False,1992,,99,5.4,1492,"[""Adventure"", ""Fantasy"", ""Sci-Fi""]","[""Sci-Fi""]",https://www.imdb.com/title/tt0104759/
tt0105150,The Playboys,The Playboys,movie,False,1992,,117,6.2,1399,"[""Drama"", ""Romance""]","[""Romance""]",https://www.imdb.com/title/tt0105150/
tt0106417,Sailor Moon R: The Movie: The Promise of the Rose,Gekijô-ban - Bishôjo senshi Sêrâ Mûn R,movie,False,1993,,61,7.6,3182,"[""Action"", ""Adventure"", ""Animation""]","[""Action""]",https://www.imdb.com/title/tt0106417/
tt0107290,Jurassic Park,Jurassic Park,movie,False,1993,,127,8.2,1199984,"[""Adventure"", ""Sci-Fi""]","[""Sci-Fi""]",https://www.imdb.com/title/tt0107290/
tt0107668,Nemesis,Nemesis,movie,False,1992,,96,5.4,7891,"[""Action"", ""Drama"", ""Sci-Fi""]","[""Sci-Fi""]",https://www.imdb.com/title/tt0107668/
tt0108606,Heroic Trio 2: Executioners,Yin doi hou hap zyun,movie,False,1993,,101,5.8,1910,"[""Action"", ""Sci-Fi"", ""Thriller""]","[""Sci-Fi""]",https://www.imdb.com/title/tt0108606/
tt0109665,Dream Lover,Dream Lover,movie,False,1994,,103,6.2,7810,"[""Drama"", ""Mystery"", ""Thriller""]","[""Drama""]",https://www.imdb.com/title/tt0109665/
tt0110391,Love Affair,Love Affair,movie,False,1994,,108,6.0,5429,"[""Comedy"", ""Drama"", ""Romance""]","[""Comedy""]",https://www.imdb.com/title/tt0110391/
tt0112553,Bombay,Bombay,movie,False,1995,,130,8.1,15333,"[""Drama"", ""Musical"", ""Romance""]","[""Romance""]",https://www.imdb.com/title/tt0112553/
tt0113481,Johnny Mnemonic,Johnny Mnemonic,movie,False,1995,,96,5.6,82266,"[""Action"", ""Drama"", ""Sci-Fi""]","[""Sci-Fi""]",https://www.imdb.com/title/tt0113481/
tt0114496,Something to Talk About,Something to Talk About,movie,False,1995,,106,5.8,15378,"[""Comedy"", ""Drama"", ""Romance""]","[""Romance""]",https://www.imdb.com/title/tt0114496/
tt0117128,Mystery Science Theater 3000: The Movie,Mystery Science Theater 3000: The Movie,movie,False,1996,,73,7.1,19361,"[""Comedy"", ""Drama"", ""Fantasy""]","[""Comedy""]",https://www.imdb.com/title/tt0117128/
tt0117959,The Truce,La tregua,movie,False,1997,,125,6.6,1980,"[""Drama"", ""War""]","[""Drama""]",https://www.imdb.com/title/tt0117959/
tt0118015,Family Resemblances,Un air de famille,movie,False,1996,,110,7.4,5902,"[""Comedy"", ""Drama""]","[""Comedy""]",https://www.imdb.com/title/tt0118015/
tt0118040,Unforgettable,Unforgettable,movie,False,1996,,117,6.0,6498,"[""Drama"", ""Mystery"", ""Sci-Fi""]","[""Sci-Fi""]",https://www.imdb.com/title/tt0118040/
tt0118583,Alien: Resurrection,Alien: Resurrection,movie,False,1997,,109,6.2,294702,"[""Action"", ""Horror"", ""Sci-Fi""]","[""Sci-Fi""]",https://www.imdb.com/title/tt0118583/
tt0119822,As Good as It Gets,As Good as It Gets,movie,False,1997,,139,7.7,340439,"[""Comedy"", ""Drama"", ""Romance""]","[""Romance""]",https://www.imdb.com/title/tt0119822/
tt0138703,Phantasm IV: Oblivion,Phantasm IV: Oblivion,movie,False,1998,,90,5.5,9280,"[""Fantasy"", ""Horror"", ""Sci-Fi""]","[""Sci-Fi""]",https://www.imdb.com/title/tt0138703/
tt0141098,Forces of Nature,Forces of Nature,movie,False,1999,,105,5.5,37772,"[""Comedy"", ""Romance""]","[""Romance""]",https://www.imdb.com/title/tt0141098/
tt0150464,In All Innocence,En plein coeur,movie,False,1998,,101,6.2,1058,"[""Crime"", ""Drama"", ""Romance""]","[""Romance""]",https://www.imdb.com/title/tt0150464/
tt0152256,Saagar,Saagar,movie,False,1985,,186,6.9,1168,"[""Drama"", ""Romance""]","[""Romance""]",https://www.imdb.com/title/tt0152256/
tt0165832,Interstate 60,Interstate 60: Episodes of the Road,movie,False,2002,,116,7.5,41607,"[""Adventure"", ""Comedy"", ""Drama""]","[""Drama""]",https://www.imdb.com/title/tt0165832/
tt0169164,Radio Arrow,Radiofreccia,movie,False,1998,,112,7.0,2670,"[""Drama""]","[""Drama""]",https://www.imdb.com/title/tt0169164/
tt0174336,Whipped,Whipped,movie,False,2000,,82,4.5,4550,"[""Comedy"", ""Romance""]","[""Romance""]",https://www.imdb.com/title/tt0174336/
tt0179182,Forever Mine,Forever Mine,movie,False,1999,,115,5.3,2946,"[""Crime"", ""Drama"", ""Romance""]","[""Romance""]",https://www.imdb.com/title/tt0179182/
tt0192455,Picking Up the Pieces,Picking Up the Pieces,movie,False,2000,,95,4.7,4049,"[""Comedy"", ""Crime"", ""Fantasy""]","[""Comedy""]",https://www.imdb.com/title/tt0192455/
tt0212380,Blow Dry,Blow Dry,movie,False,2001,,90,6.2,9657,"[""Comedy"", ""Drama"", ""Romance""]","[""Comedy""]",https://www.imdb.com/title/tt0212380/
tt0228333,Ghosts of Mars,Ghosts of Mars,movie,False,2001,,98,4.9,62508,"[""Action"", ""Horror"", ""Sci-Fi""]","[""Horror""]",https://www.imdb.com/title/tt0228333/
tt0242285,The Art of Dying,El arte de morir,movie,False,2000,,102,5.1,1068,"[""Fantasy"", ""Horror"", ""Mystery""]","[""Horror""]",https://www.imdb.com/title/tt0242285/
tt0250224,Crazy/Beautiful,Crazy/Beautiful,movie,False,2001,,99,6.4,27830,"[""Drama"", ""Romance""]","[""Romance""]",https://www.imdb.com/title/tt0250224/
tt0253754,Star Trek: Nemesis,Star Trek: Nemesis,movie,False,2002,,116,6.4,88601,"[""Action"", ""Adventure"", ""Sci-Fi""]","[""Sci-Fi""]",https://www.imdb.com/title/tt0253754/
tt0275692,Sol Goode,Sol Goode,movie,False,2003,,99,5.2,1453,"[""Comedy"", ""Romance""]","[""Romance""]",https://www.imdb.com/title/tt0275692/
tt0283269,Boomerang,Boomerang,movie,False,2001,,87,7.4,1872,"[""Comedy"", ""Crime"", ""Mystery""]","[""Comedy""]",https://www.imdb.com/title/tt0283269/
tt0286751,Pulse,Kairo,movie,False,2001,,119,6.6,32402,"[""Horror"", ""Mystery"", ""Sci-Fi""]","[""Horror""]",https://www.imdb.com/title/tt0286751/
tt0307681,I Not Stupid,Xiaohai bu ben,movie,False,2002,,105,7.2,1323,"[""Comedy"", ""Drama""]","[""Drama""]",https://www.imdb.com/title/tt0307681/
tt0310313,A New Life,La Vie nouvelle,movie,False,2002,,102,6.3,1265,"[""Drama"", ""Horror""]","[""Horror""]",https://www.imdb.com/title/tt0310313/
tt0323120,Loving Annabelle,Loving Annabelle,movie,False,2006,,77,6.2,14440,"[""Drama"", ""Romance""]","[""Drama""]",https://www.imdb.com/title/tt0323120/
tt0330136,Charly,Charly,movie,False,2002,,103,6.3,1224,"[""Comedy"", ""Drama"", ""Romance""]","[""Comedy""]",https://www.imdb.com/title/tt0330136/
tt0331282,Little Night Music,Mala nocna muzika,movie,False,2002,,95,7.0,2144,"[""Action"", ""Comedy"", ""Thriller""]","[""Comedy""]",https://www.imdb.com/title/tt0331282/
tt0354243,Zhou Yu's Train,Zhou Yu de huo che,movie,False,2002,,97,6.4,1664,"[""Drama"", ""Romance""]","[""Romance""]",https://www.imdb.com/title/tt0354243/
tt0354538,Ek Aur Ek Gyarah: By Hook or by Crook,Ek Aur Ek Gyarah: By Hook or by Crook,movie,False,2003,,144,5.4,2531,"[""Action"", ""Comedy"", ""Crime""]","[""Comedy""]",https://www.imdb.com/title/tt0354538/
tt0366842,Turkish Tales,Ömerçip,movie,False,2003,,94,2.7,1982,"[""Comedy""]","[""Comedy""]",https://www.imdb.com/title/tt0366842/
tt0372237,Guess Who,Guess Who,movie,False,2005,,105,5.9,49968,"[""Comedy"", ""Romance""]","[""Romance""]",https://www.imdb.com/title/tt0372237/
tt0374271,In Your Name,Tere Naam,movie,False,2003,,132,7.2,22857,"[""Action"", ""Drama"", ""Romance""]","[""Action""]",https://www.imdb.com/title/tt0374271/
tt0375104,Bobby Jones: Stroke of Genius,Bobby Jones: Stroke of Genius,movie,False,2004,,120,6.6,4341,"[""Biography"", ""Drama"", ""Romance""]","[""Drama""]",https://www.imdb.com/title/tt0375104/
tt0388377,River Queen,River Queen,movie,False,2005,,114,5.9,2876,"[""Action"", ""Adventure"", ""Drama""]","[""Drama""]",https://www.imdb.com/title/tt0388377/
tt0401248,Beautiful Boxer,Beautiful Boxer,movie,False,2003,,118,7.2,3393,"[""Action"", ""Biography"", ""Drama""]","[""Drama""]",https://www.imdb.com/title/tt0401248/
tt0403217,Last Days,Last Days,movie,False,2005,,97,5.7,25010,"[""Drama"", ""Music""]","[""Drama""]",https://www.imdb.com/title/tt0403217/
tt0429052,Saint-Jacques... La Mecque,Saint-Jacques... La Mecque,movie,False,2005,,110,6.3,1488,"[""Comedy"", ""Drama""]","[""Comedy""]",https://www.imdb.com/title/tt0429052/
tt0432637,Krrish,Krrish,movie,False,2006,,154,6.5,28960,"[""Action"", ""Sci-Fi""]","[""Sci-Fi""]",https://www.imdb.com/title/tt0432637/
tt0433387,Harsh Times,Harsh Times,movie,False,2005,,116,6.8,71219,"[""Action"", ""Crime"", ""Drama""]","[""Action""]",https://www.imdb.com/title/tt0433387/
tt0439418,7/G Rainbow Colony,7/G Rainbow Colony,movie,False,2004,,186,7.9,3455,"[""Drama"", ""Musical"", ""Romance""]","[""Romance""]",https://www.imdb.com/title/tt0439418/
tt0444112,Orchestra Seats,Fauteuils d'orchestre,movie,False,2006,,106,6.7,4628,"[""Comedy"", ""Drama"", ""Romance""]","[""Comedy""]",https://www.imdb.com/title/tt0444112/
tt0448075,The Night Listener,The Night Listener,movie,False,2006,,91,5.9,16621,"[""Crime"", ""Drama"", ""Horror""]","[""Horror""]",https://www.imdb.com/title/tt0448075/
tt0452664,Party Crashers,Os Penetras,movie,False,2012,,88,5.3,1120,"[""Comedy""]","[""Comedy""]",https://www.imdb.com/title/tt0452664/
tt0452668,Pterosaurus,Pterodactyl,movie,False,2004,,89,3.2,2650,"[""Action"", ""Adventure"", ""Horror""]","[""Action""]",https://www.imdb.com/title/tt0452668/
tt0455362,The Breed,The Breed,movie,False,2006,,91,5.1,15447,"[""Action"", ""Comedy"", ""Horror""]","[""Horror""]",https://www.imdb.com/title/tt0455362/
tt0459293,"Gandhi, My Father","Gandhi, My Father",movie,False,2007,,136,7.3,1907,"[""Biography"", ""Drama"", ""History""]","[""Drama""]",https://www.imdb.com/title/tt0459293/
tt0460394,Aithe,Aithe,movie,False,2003,,132,7.9,1668,"[""Action"", ""Adventure"", ""Drama""]","[""Drama""]",https://www.imdb.com/title/tt0460394/
tt0462465,Outlander,Outlander,movie,False,2008,,115,6.2,82323,"[""Action"", ""Adventure"", ""Sci-Fi""]","[""Sci-Fi""]",https://www.imdb.com/title/tt0462465/
tt0464160,Chup Chup Ke,Chup Chup Ke,movie,False,2006,,164,7.1,16252,"[""Comedy"", ""Drama"", ""Romance""]","[""Romance""]",https://www.imdb.com/title/tt0464160/
tt0466103,Pyl,Pyl,movie,False,2005,,107,7.1,1854,"[""Comedy"", ""Drama"", ""Sci-Fi""]","[""Sci-Fi""]",https://www.imdb.com/title/tt0466103/
tt0470967,Voice,Yeogo goedam 4: Moksori,movie,False,2005,,104,6.2,1793,"[""Horror""]","[""Horror""]",https://www.imdb.com/title/tt0470967/
tt0471041,The Tournament,The Tournament,movie,False,2009,,95,6.0,37288,"[""Action"", ""Thriller""]","[""Action""]",https://www.imdb.com/title/tt0471041/
tt0481354,The Imam,The Imam,movie,False,2005,,110,4.9,1198,"[""Drama""]","[""Drama""]",https://www.imdb.com/title/tt0481354/
tt0483631,Gettin' It,Gettin' It,movie,False,2006,,93,3.3,1195,"[""Comedy""]","[""Comedy""]",https://www.imdb.com/title/tt0483631/
tt0487011,Anandabhadram,Anandabhadram,movie,False,2005,,130,7.3,1321,"[""Drama"", ""Fantasy"", ""Horror""]","[""Horror""]",https://www.imdb.com/title/tt0487011/
tt0758752,Love & Other Drugs,Love & Other Drugs,movie,False,2010,,112,6.7,255885,"[""Comedy"", ""Drama"", ""Romance""]","[""Romance""]",https://www.imdb.com/title/tt0758752/
tt0758762,The Last Sentinel,The Last Sentinel,movie,False,2007,,93,3.6,2021,"[""Action"", ""Sci-Fi"", ""Thriller""]","[""Action""]",https://www.imdb.com/title/tt0758762/
tt0768218,The Mysteries of Pittsburgh,The Mysteries of Pittsburgh,movie,False,2008,,95,5.4,3613,"[""Adventure"", ""Comedy"", ""Drama""]","[""Drama""]",https://www.imdb.com/title/tt0768218/
tt0780583,Flight of the Living Dead,Plane Dead,movie,False,2007,,89,5.1,10061,"[""Horror"", ""Sci-Fi""]","[""Sci-Fi""]",https://www.imdb.com/title/tt0780583/
tt0790602,Nitro,Nitro,movie,False,2007,,105,5.4,1862,"[""Action"", ""Drama"", ""Thriller""]","[""Drama""]",https://www.imdb.com/title/tt0790602/
tt0826631,Exam,Sinav,movie,False,2006,,120,6.7,12721,"[""Comedy"", ""Drama""]","[""Comedy""]",https://www.imdb.com/title/tt0826631/
tt0836700,Summer Hours,L'heure d'été,movie,False,2008,,103,7.1,8751,"[""Drama"", ""Family""]","[""Drama""]",https://www.imdb.com/title/tt0836700/
tt0843878,UKM: The Ultimate Killing Machine,UKM: The Ultimate Killing Machine,movie,False,2006,,85,3.1,1112,"[""Horror"", ""Sci-Fi""]","[""Horror""]",https://www.imdb.com/title/tt0843878/
tt0844319,Kaidan,Kaidan,movie,False,2007,,115,6.1,1308,"[""Drama"", ""Horror"", ""Romance""]","[""Horror""]",https://www.imdb.com/title/tt0844319/
tt0870111,Frost/Nixon,Frost/Nixon,movie,False,2008,,122,7.6,116440,"[""Biography"", ""Drama"", ""History""]","[""Drama""]",https://www.imdb.com/title/tt0870111/
tt0870944,Tears for You,Nada sô sô,movie,False,2006,,118,6.7,1268,"[""Drama"", ""Romance""]","[""Drama""]",https://www.imdb.com/title/tt0870944/
tt0892769,How to Train Your Dragon,How to Train Your Dragon,movie,False,2010,,98,8.1,909464,"[""Action"", ""Adventure"", ""Animation""]","[""Action""]",https://www.imdb.com/title/tt0892769/
tt0896923,The City of Your Final Destination,The City of Your Final Destination,movie,False,2009,,117,6.3,3436,"[""Drama"", ""Romance""]","[""Romance""]",https://www.imdb.com/title/tt0896923/
tt0902290,I Sell the Dead,I Sell the Dead,movie,False,2008,,85,6.0,11618,"[""Comedy"", ""Horror""]","[""Horror""]",https://www.imdb.com/title/tt0902290/
tt0914798,The Boy in the Striped Pajamas,The Boy in the Striped Pajamas,movie,False,2008,,94,7.7,278367,"[""Drama"", ""War""]","[""Drama""]",https://www.imdb.com/title/tt0914798/
tt0937378,Wolf,Varg,movie,False,2008,,95,6.1,1500,"[""Action"", ""Adventure"", ""Drama""]","[""Action""]",https://www.imdb.com/title/tt0937378/
tt0960890,Zombie Strippers!,Zombie Strippers!,movie,False,2008,,94,4.1,19749,"[""Comedy"", ""Horror"", ""Sci-Fi""]","[""Sci-Fi""]",https://www.imdb.com/title/tt0960890/
tt0963194,Repo! The Genetic Opera,Repo! The Genetic Opera,movie,False,2008,,98,6.4,28760,"[""Horror"", ""Musical"", ""Sci-Fi""]","[""Sci-Fi""]",https://www.imdb.com/title/tt0963194/
tt0995868,Pele: Birth of a Legend,Pelé: Birth of a Legend,movie,False,2016,,107,7.1,23924,"[""Biography"", ""Drama"", ""Sport""]","[""Drama""]",https://www.imdb.com/title/tt0995868/
tt1001508,He's Just Not That Into You,He's Just Not That Into You,movie,False,2009,,129,6.4,197862,"[""Comedy"", ""Drama"", ""Romance""]","[""Drama""]",https://www.imdb.com/title/tt1001508/
tt10110614,Apples,Mila,movie,False,2020,,91,6.8,6247,"[""Comedy"", ""Drama"", ""Sci-Fi""]","[""Sci-Fi""]",https://www.imdb.com/title/tt10110614/
tt10260844,Queen of Spades,Queen of Spades,movie,False,2021,,91,3.8,1001,"[""Horror""]","[""Horror""]",https://www.imdb.com/title/tt10260844/
tt10329842,Hero,Geroy,movie,False,2019,,121,4.7,3714,"[""Action"", ""Crime"", ""Drama""]","[""Drama""]",https://www.imdb.com/title/tt10329842/
tt1034303,Defiance,Defiance,movie,False,2008,,137,7.1,161853,"[""Action"", ""Drama"", ""History""]","[""Action""]",https://www.imdb.com/title/tt1034303/
tt10370042,Rising Wolf,Ascendant,movie,False,2021,,102,3.6,1028,"[""Fantasy"", ""Mystery"", ""Sci-Fi""]","[""Sci-Fi""]",https://www.imdb.com/title/tt10370042/
tt10399608,Piggy,Cerdita,movie,False,2022,,99,6.1,16441,"[""Drama"", ""Horror"", ""Thriller""]","[""Horror""]",https://www.imdb.com/title/tt10399608/
tt10676052,The Fantastic Four: First Steps,The Fantastic Four: First Steps,movie,False,2025,,115,6.8,291765,"[""Action"", ""Adventure"", ""Sci-Fi""]","[""Sci-Fi""]",https://www.imdb.com/title/tt10676052/
tt10713340,Held,Held,movie,False,2020,,94,5.3,3388,"[""Horror"", ""Mystery"", ""Thriller""]","[""Horror""]",https://www.imdb.com/title/tt10713340/
tt1078588,My Sister's Keeper,My Sister's Keeper,movie,False,2009,,109,7.3,103549,"[""Drama"", ""Family""]","[""Drama""]",https://www.imdb.com/title/tt1078588/
tt10928086,Knocking,Knackningar,movie,False,2021,,78,5.7,1885,"[""Horror"", ""Mystery"", ""Thriller""]","[""Horror""]",https://www.imdb.com/title/tt10928086/
tt11107074,My Hero Academia: Heroes Rising,Boku no Hîrô Akademia za Mûbî Hîrôzu: Raijingu,movie,False,2019,,104,7.8,13322,"[""Action"", ""Adventure"", ""Animation""]","[""Action""]",https://www.imdb.com/title/tt11107074/
tt11225626,Am I OK?,Am I OK?,movie,False,2022,,86,6.1,15769,"[""Comedy"", ""Drama"", ""Romance""]","[""Romance""]",https://www.imdb.com/title/tt11225626/
tt11261532,The Mannequin,The Mannequin,movie,False,2025,,85,4.7,1312,"[""Crime"", ""Drama"", ""Horror""]","[""Horror""]",https://www.imdb.com/title/tt11261532/
tt1135095,Tell Tale,Tell-Tale,movie,False,2009,,93,5.3,5438,"[""Drama"", ""Horror"", ""Sci-Fi""]","[""Sci-Fi""]",https://www.imdb.com/title/tt1135095/
tt1135961,Bangkok Love Story,Phuean... Ku rak mueng wa,movie,False,2007,,90,5.8,1601,"[""Action"", ""Crime"", ""Drama""]","[""Action""]",https://www.imdb.com/title/tt1135961/
tt11608126,Heir of the Witch,Heir of the Witch,movie,False,2023,,94,4.0,1275,"[""Horror"", ""Thriller""]","[""Horror""]",https://www.imdb.com/title/tt11608126/
tt11610804,Haute Couture,Haute couture,movie,False,2021,,100,6.2,1584,"[""Comedy"", ""Drama""]","[""Drama""]",https://www.imdb.com/title/tt11610804/
tt1161418,Gentlemen Broncos,Gentlemen Broncos,movie,False,2009,,90,6.2,14698,"[""Comedy"", ""Fantasy"", ""Sci-Fi""]","[""Sci-Fi""]",https://www.imdb.com/title/tt1161418/
tt1181791,Black Death,Black Death,movie,False,2010,,102,6.4,55087,"[""Action"", ""Drama"", ""History""]","[""Action""]",https://www.imdb.com/title/tt1181791/
tt11866370,Aranmanai 3,Aranmanai 3,movie,False,2021,,155,4.1,1587,"[""Comedy"", ""Drama"", ""Horror""]","[""Horror""]",https://www.imdb.com/title/tt11866370/
tt1194616,LOL (Laughing Out Loud),LOL (Laughing Out Loud) ®,movie,False,2008,,103,6.3,10416,"[""Comedy"", ""Romance""]","[""Romance""]",https://www.imdb.com/title/tt1194616/
tt1209361,Sutures,Sutures,movie,False,2009,,83,4.1,1597,"[""Horror"", ""Thriller""]","[""Horror""]",https://www.imdb.com/title/tt1209361/
tt12163074,The Resort,The Resort,movie,False,2021,,76,3.1,4804,"[""Horror""]","[""Horror""]",https://www.imdb.com/title/tt12163074/
tt1239446,The Last Days of Emma Blank,De laatste dagen van Emma Blank,movie,False,2009,,89,6.8,2437,"[""Comedy"", ""Drama""]","[""Comedy""]",https://www.imdb.com/title/tt1239446/
tt12585076,Moonshot,Moonshot,movie,False,2022,,104,5.6,6893,"[""Comedy"", ""Romance"", ""Sci-Fi""]","[""Sci-Fi""]",https://www.imdb.com/title/tt12585076/
tt1274596,USS Seaviper,USS Seaviper,movie,False,2012,,102,2.5,1038,"[""Action"", ""Drama"", ""War""]","[""Action""]",https://www.imdb.com/title/tt1274596/
tt12763920,Deliver Us from Evil,Daman akeseo guhasoseo,movie,False,2020,,114,6.8,7714,"[""Action"", ""Crime"", ""Thriller""]","[""Action""]",https://www.imdb.com/title/tt12763920/
tt12857614,"Love, Life & Pakodi","Love, Life & Pakodi",movie,False,2021,,114,5.4,3172,"[""Romance""]","[""Romance""]",https://www.imdb.com/title/tt12857614/
tt12875782,Freaks: You're One of Us,Freaks - Du bist eine von uns,movie,False,2020,,92,5.4,7566,"[""Drama"", ""Fantasy"", ""Sci-Fi""]","[""Sci-Fi""]",https://www.imdb.com/title/tt12875782/
tt13043436,The Humans and the Mongoose,El Ens W El Nems,movie,False,2021,,120,5.0,1809,"[""Comedy"", ""Fantasy"", ""Horror""]","[""Horror""]",https://www.imdb.com/title/tt13043436/
tt1322930,Alone,Issiz Adam,movie,False,2008,,113,6.8,26282,"[""Drama"", ""Romance""]","[""Drama""]",https://www.imdb.com/title/tt1322930/
tt1329454,Vengeance,Fuk sau,movie,False,2009,,108,6.6,7320,"[""Action"", ""Crime"", ""Thriller""]","[""Action""]",https://www.imdb.com/title/tt1329454/
tt13316790,Off Track,Ur spår,movie,False,2022,,108,6.2,3139,"[""Comedy"", ""Drama"", ""Romance""]","[""Comedy""]",https://www.imdb.com/title/tt13316790/
tt1336608,Rock of Ages,Rock of Ages,movie,False,2012,,123,5.9,85134,"[""Comedy"", ""Drama"", ""Musical""]","[""Comedy""]",https://www.imdb.com/title/tt1336608/
tt1341188,How Do You Know,How Do You Know,movie,False,2010,,121,5.4,58106,"[""Comedy"", ""Drama"", ""Romance""]","[""Romance""]",https://www.imdb.com/title/tt1341188/
tt1341338,"Good Luck, Have Fun, Don't Die","Good Luck, Have Fun, Don't Die",movie,False,2025,,134,7.0,78909,"[""Action"", ""Adventure"", ""Comedy""]","[""Action""]",https://www.imdb.com/title/tt1341338/
tt13515090,Joyride,Joyride,movie,False,2022,,94,6.2,3809,"[""Comedy"", ""Drama""]","[""Comedy""]",https://www.imdb.com/title/tt13515090/
tt13801462,Gandhi Godse Ek Yudh,Gandhi Godse Ek Yudh,movie,False,2023,,110,6.6,8551,"[""Drama"", ""History""]","[""Drama""]",https://www.imdb.com/title/tt13801462/
tt13866142,Wish You,Wish You,movie,False,2021,,102,6.4,1420,"[""Drama"", ""Music"", ""Romance""]","[""Drama""]",https://www.imdb.com/title/tt13866142/
tt1386703,Total Recall,Total Recall,movie,False,2012,,118,6.2,277772,"[""Action"", ""Adventure"", ""Sci-Fi""]","[""Sci-Fi""]",https://www.imdb.com/title/tt1386703/
tt13918550,Black Site,Black Site,movie,False,2022,,93,4.5,5173,"[""Action"", ""Thriller""]","[""Action""]",https://www.imdb.com/title/tt13918550/
tt13989030,The Royal Treatment,The Royal Treatment,movie,False,2022,,96,5.3,12984,"[""Comedy"", ""Family"", ""Romance""]","[""Romance""]",https://www.imdb.com/title/tt13989030/
tt1414378,Tracker,Tracker,movie,False,2010,,102,6.5,4466,"[""Action"", ""Adventure"", ""Drama""]","[""Action""]",https://www.imdb.com/title/tt1414378/
tt1418712,Outpost: Black Sun,Outpost: Black Sun,movie,False,2012,,101,4.9,6020,"[""Action"", ""Horror"", ""Sci-Fi""]","[""Horror""]",https://www.imdb.com/title/tt1418712/
tt1424310,Chinese Zodiac,Shi er shengxiao,movie,False,2012,,109,6.0,26569,"[""Action"", ""Adventure"", ""Comedy""]","[""Comedy""]",https://www.imdb.com/title/tt1424310/
tt1430110,Rapt,Rapt,movie,False,2009,,125,6.7,2280,"[""Drama"", ""Thriller""]","[""Drama""]",https://www.imdb.com/title/tt1430110/
tt1438173,Bait,Bait,movie,False,2012,,93,5.2,21419,"[""Action"", ""Fantasy"", ""Horror""]","[""Action""]",https://www.imdb.com/title/tt1438173/
tt14463484,Through My Window,A través de mi ventana,movie,False,2022,,116,5.5,26400,"[""Comedy"", ""Drama"", ""Romance""]","[""Romance""]",https://www.imdb.com/title/tt14463484/
tt1452628,Vanishing on 7th Street,Vanishing on 7th Street,movie,False,2010,,92,4.9,28482,"[""Horror"", ""Mystery"", ""Thriller""]","[""Horror""]",https://www.imdb.com/title/tt1452628/
tt14564000,Guntur Kaaram,Guntur Kaaram,movie,False,2024,,159,5.4,25516,"[""Action"", ""Drama""]","[""Action""]",https://www.imdb.com/title/tt14564000/
tt14604100,Friday the 13th Vengeance 2: Bloodlines,Friday the 13th Vengeance 2: Bloodlines,movie,False,2022,,108,5.2,1783,"[""Horror""]","[""Horror""]",https://www.imdb.com/title/tt14604100/
tt1464540,I Am Number Four,I Am Number Four,movie,False,2011,,111,6.1,254148,"[""Action"", ""Adventure"", ""Sci-Fi""]","[""Sci-Fi""]",https://www.imdb.com/title/tt1464540/
tt14722598,Rainbow,Rainbow,movie,False,2022,,117,4.7,1231,"[""Drama""]","[""Drama""]",https://www.imdb.com/title/tt14722598/
tt14917354,The House,Das Haus,movie,False,2021,,90,5.6,2579,"[""Drama"", ""Sci-Fi"", ""Thriller""]","[""Sci-Fi""]",https://www.imdb.com/title/tt14917354/
tt1496872,Siva Manasula Sakthi,Siva Manasula Sakthi,movie,False,2009,,138,7.1,2254,"[""Comedy"", ""Drama"", ""Romance""]","[""Romance""]",https://www.imdb.com/title/tt1496872/
tt15005606,Peter Five Eight,Peter Five Eight,movie,False,2024,,100,3.3,1321,"[""Action"", ""Comedy"", ""Drama""]","[""Action""]",https://www.imdb.com/title/tt15005606/
tt15009428,Argylle,Argylle,movie,False,2024,,139,5.6,102420,"[""Action"", ""Adventure"", ""Comedy""]","[""Action""]",https://www.imdb.com/title/tt15009428/
tt15165236,The Hand,The Hand,movie,False,2020,,56,7.3,1695,"[""Drama"", ""Romance""]","[""Drama""]",https://www.imdb.com/title/tt15165236/
tt15262370,Maneater,Maneater,movie,False,2022,,87,3.2,2739,"[""Action"", ""Horror"", ""Thriller""]","[""Horror""]",https://www.imdb.com/title/tt15262370/
tt15309808,Michael,Michael,movie,False,2023,,152,5.0,1705,"[""Action"", ""Crime"", ""Drama""]","[""Action""]",https://www.imdb.com/title/tt15309808/
tt1535616,The Divide,The Divide,movie,False,2011,,112,5.7,40661,"[""Drama"", ""Horror"", ""Sci-Fi""]","[""Sci-Fi""]",https://www.imdb.com/title/tt1535616/
tt15514498,Eenie Meanie,Eenie Meanie,movie,False,2025,,106,5.9,14136,"[""Action"", ""Comedy"", ""Drama""]","[""Comedy""]",https://www.imdb.com/title/tt15514498/
tt1582466,Adhurs,Adhurs,movie,False,2010,,150,6.8,3651,"[""Action"", ""Comedy"", ""Thriller""]","[""Action""]",https://www.imdb.com/title/tt1582466/
tt1610452,Band Baaja Baaraat,Band Baaja Baaraat,movie,False,2010,,139,7.2,20015,"[""Comedy"", ""Drama"", ""Romance""]","[""Comedy""]",https://www.imdb.com/title/tt1610452/
tt16303830,Nothing Serious,Yeonae ppajin romaenseu,movie,False,2021,,94,6.5,1023,"[""Comedy"", ""Drama"", ""Romance""]","[""Romance""]",https://www.imdb.com/title/tt16303830/
tt16464084,Stay the Night,Stay the Night,movie,False,2022,,89,6.7,1787,"[""Drama"", ""Romance""]","[""Romance""]",https://www.imdb.com/title/tt16464084/
tt1650042,Dead Season,Dead Season,movie,False,2012,,85,4.6,3306,"[""Horror"", ""Sci-Fi""]","[""Sci-Fi""]",https://www.imdb.com/title/tt1650042/
tt1650554,Kick-Ass 2,Kick-Ass 2,movie,False,2013,,103,6.5,302191,"[""Action"", ""Comedy"", ""Crime""]","[""Comedy""]",https://www.imdb.com/title/tt1650554/
tt1667150,What Women Want,Wo zhi nü ren xin,movie,False,2011,,116,5.5,1474,"[""Comedy"", ""Romance"", ""Sci-Fi""]","[""Romance""]",https://www.imdb.com/title/tt1667150/
tt1692189,Don Seenu,Don Seenu,movie,False,2010,,164,6.0,1289,"[""Action"", ""Comedy""]","[""Action""]",https://www.imdb.com/title/tt1692189/
tt1753640,Crook: It's Good to Be Bad,Crook: It's Good to Be Bad,movie,False,2010,,121,5.1,2536,"[""Action"", ""Crime"", ""Drama""]","[""Action""]",https://www.imdb.com/title/tt1753640/
tt1798709,Her,Her,movie,False,2013,,126,7.9,734400,"[""Drama"", ""Romance"", ""Sci-Fi""]","[""Romance""]",https://www.imdb.com/title/tt1798709/
tt1800246,That Awkward Moment,That Awkward Moment,movie,False,2014,,94,6.1,110913,"[""Comedy"", ""Romance""]","[""Comedy""]",https://www.imdb.com/title/tt1800246/
tt18411838,Woman in the Maze,Woman in the Maze,movie,False,2023,,101,3.5,1644,"[""Horror"", ""Mystery"", ""Thriller""]","[""Horror""]",https://www.imdb.com/title/tt18411838/
tt1844635,The Bucks County Massacre,The Bucks County Massacre,movie,False,2010,,84,3.5,1649,"[""Action"", ""Horror"", ""Thriller""]","[""Action""]",https://www.imdb.com/title/tt1844635/
tt1876373,Lost and Found in Armenia,Lost and Found in Armenia,movie,False,2012,,100,6.1,2031,"[""Comedy""]","[""Comedy""]",https://www.imdb.com/title/tt1876373/
tt1890513,Ragini MMS,Ragini MMS,movie,False,2011,,93,5.1,3050,"[""Drama"", ""Horror"", ""Mystery""]","[""Horror""]",https://www.imdb.com/title/tt1890513/
tt18970380,The Taming of the Shrewd,Poskromienie zlosnicy,movie,False,2022,,100,4.7,1564,"[""Comedy"", ""Romance""]","[""Romance""]",https://www.imdb.com/title/tt18970380/
tt19632738,Cherry Magic! Thirty Years of Virginity Can Make You a Wizard?!: The Movie,Gekijôban Sanjûsai made Dôtei Da to Mahôtsukai ni Nareru rashii,movie,False,2022,,104,7.4,1002,"[""Comedy"", ""Fantasy"", ""Romance""]","[""Romance""]",https://www.imdb.com/title/tt19632738/
tt2050633,The Barrens,The Barrens,movie,False,2012,,94,4.6,5074,"[""Horror""]","[""Horror""]",https://www.imdb.com/title/tt2050633/
tt2055765,The English Teacher,The English Teacher,movie,False,2013,,93,5.8,13778,"[""Comedy"", ""Drama""]","[""Comedy""]",https://www.imdb.com/title/tt2055765/
tt2062661,Area 407,Tape 407,movie,False,2012,,90,3.6,4227,"[""Horror"", ""Sci-Fi"", ""Thriller""]","[""Sci-Fi""]",https://www.imdb.com/title/tt2062661/
tt2071550,Open Grave,Open Grave,movie,False,2013,,102,6.1,32993,"[""Horror"", ""Mystery"", ""Sci-Fi""]","[""Sci-Fi""]",https://www.imdb.com/title/tt2071550/
tt2102465,At Night All Wolves Are Grey,Varg Veum - I mørket er alle ulver grå,movie,False,2011,,87,6.5,1481,"[""Action"", ""Crime"", ""Thriller""]","[""Action""]",https://www.imdb.com/title/tt2102465/
tt2149814,Wild Desire,Raghba Motawahesha,movie,False,1992,,110,4.5,1896,"[""Drama""]","[""Drama""]",https://www.imdb.com/title/tt2149814/
tt2184233,1 Mile to You,1 Mile to You,movie,False,2017,,104,6.3,2984,"[""Drama"", ""Romance"", ""Sport""]","[""Romance""]",https://www.imdb.com/title/tt2184233/
tt2190483,Living,Zhit,movie,False,2012,,119,7.2,1957,"[""Drama""]","[""Drama""]",https://www.imdb.com/title/tt2190483/
tt22036922,Mr. King,Mr. King,movie,False,2023,,145,5.0,2842,"[""Drama"", ""Romance"", ""Thriller""]","[""Romance""]",https://www.imdb.com/title/tt22036922/
tt2231208,Rio 2096: A Story of Love and Fury,Uma História de Amor e Fúria,movie,False,2013,,74,7.1,2154,"[""Action"", ""Adventure"", ""Animation""]","[""Action""]",https://www.imdb.com/title/tt2231208/
tt22334258,Someone Like You,Someone Like You,movie,False,2024,,118,5.9,3089,"[""Romance""]","[""Romance""]",https://www.imdb.com/title/tt22334258/
tt2235695,Rebecca,Rebecca,movie,False,2020,,123,6.1,51078,"[""Drama"", ""Mystery"", ""Romance""]","[""Romance""]",https://www.imdb.com/title/tt2235695/
tt22408160,Kinds of Kindness,Kinds of Kindness,movie,False,2024,,164,6.4,74338,"[""Comedy"", ""Drama"", ""Horror""]","[""Horror""]",https://www.imdb.com/title/tt22408160/
tt2245003,Miss You Already,Miss You Already,movie,False,2015,,112,6.8,20782,"[""Comedy"", ""Drama"", ""Romance""]","[""Romance""]",https://www.imdb.com/title/tt2245003/
tt2253742,Soar Into the Sun,Al-too-bi: Riteon too beiseu,movie,False,2012,,113,5.9,1849,"[""Action"", ""Drama"", ""Romance""]","[""Action""]",https://www.imdb.com/title/tt2253742/
tt23865942,Sarzameen,Sarzameen,movie,False,2025,,137,3.9,1748,"[""Action"", ""Drama"", ""Mystery""]","[""Action""]",https://www.imdb.com/title/tt23865942/
tt2392830,A Quiet Passion,A Quiet Passion,movie,False,2016,,125,6.4,6760,"[""Biography"", ""Drama"", ""Romance""]","[""Romance""]",https://www.imdb.com/title/tt2392830/
tt2395417,Still Life,Still Life,movie,False,2013,,92,7.4,9895,"[""Drama""]","[""Drama""]",https://www.imdb.com/title/tt2395417/
tt2406676,Ek Thi Daayan,Ek Thi Daayan,movie,False,2013,,135,5.8,5032,"[""Horror"", ""Romance"", ""Thriller""]","[""Romance""]",https://www.imdb.com/title/tt2406676/
tt2414040,An Eye for Beauty,Le règne de la beauté,movie,False,2014,,102,5.4,1680,"[""Drama""]","[""Drama""]",https://www.imdb.com/title/tt2414040/
tt2443022,Dark Mountain,Dark Mountain,movie,False,2013,,82,4.4,1078,"[""Horror"", ""Sci-Fi"", ""Thriller""]","[""Horror""]",https://www.imdb.com/title/tt2443022/
tt2527186,All Cheerleaders Die,All Cheerleaders Die,movie,False,2013,,89,5.1,10107,"[""Comedy"", ""Horror""]","[""Horror""]",https://www.imdb.com/title/tt2527186/
tt2537176,I Spit on Your Grave 2,I Spit on Your Grave 2,movie,False,2013,,106,5.7,36961,"[""Horror"", ""Thriller""]","[""Horror""]",https://www.imdb.com/title/tt2537176/
tt25947954,Gray Matter,Gray Matter,movie,False,2023,,87,5.0,1450,"[""Drama"", ""Sci-Fi"", ""Thriller""]","[""Sci-Fi""]",https://www.imdb.com/title/tt25947954/
tt2649128,Metro,Metro,movie,False,2013,,133,6.4,8611,"[""Action"", ""Drama"", ""Thriller""]","[""Action""]",https://www.imdb.com/title/tt2649128/
tt26660615,Life for Real,La vie pour de vrai,movie,False,2023,,110,5.7,1413,"[""Comedy""]","[""Comedy""]",https://www.imdb.com/title/tt26660615/
tt2669336,Time Lapse,Time Lapse,movie,False,2014,,104,6.5,53663,"[""Mystery"", ""Sci-Fi"", ""Thriller""]","[""Sci-Fi""]",https://www.imdb.com/title/tt2669336/
tt26899693,Attack of the Meth Gator,Methgator,movie,False,2023,,89,3.3,1208,"[""Horror"", ""Sci-Fi"", ""Thriller""]","[""Sci-Fi""]",https://www.imdb.com/title/tt26899693/
tt27114092,Major Grom: The Game,Mayor Grom. Igra,movie,False,2024,,168,6.2,2145,"[""Action"", ""Adventure""]","[""Action""]",https://www.imdb.com/title/tt27114092/
tt27487934,The Greatest of All Time,The Greatest of All Time,movie,False,2024,,183,5.7,26653,"[""Action"", ""Thriller""]","[""Action""]",https://www.imdb.com/title/tt27487934/
tt27490380,13 Bombs,13 Bom di Jakarta,movie,False,2023,,143,6.5,2106,"[""Action"", ""Crime"", ""Thriller""]","[""Action""]",https://www.imdb.com/title/tt27490380/
tt27802490,Exhuma,Pamyo,movie,False,2024,,134,6.9,31227,"[""Horror"", ""Mystery""]","[""Horror""]",https://www.imdb.com/title/tt27802490/
tt2819358,Goynar Baksho,Goynar Baksho,movie,False,2013,,141,7.2,1911,"[""Comedy"", ""Drama"", ""Family""]","[""Drama""]",https://www.imdb.com/title/tt2819358/
tt28607951,Anora,Anora,movie,False,2024,,139,7.4,308330,"[""Comedy"", ""Drama"", ""Romance""]","[""Romance""]",https://www.imdb.com/title/tt28607951/
tt2901962,Kummeli V,Kummeli V,movie,False,2014,,102,4.8,1282,"[""Adventure"", ""Comedy"", ""Sci-Fi""]","[""Sci-Fi""]",https://www.imdb.com/title/tt2901962/
tt2908446,The Divergent Series: Insurgent,The Divergent Series: Insurgent,movie,False,2015,,119,6.2,274355,"[""Action"", ""Adventure"", ""Romance""]","[""Romance""]",https://www.imdb.com/title/tt2908446/
tt29344903,The Ugly Stepsister,Den stygge stesøsteren,movie,False,2025,,109,7.0,49071,"[""Comedy"", ""Drama"", ""Horror""]","[""Horror""]",https://www.imdb.com/title/tt29344903/
tt29456979,Little Hearts,Little Hearts,movie,False,2024,,136,5.9,3366,"[""Comedy"", ""Drama"", ""Romance""]","[""Romance""]",https://www.imdb.com/title/tt29456979/
tt29567402,Rabbit Trap,Rabbit Trap,movie,False,2025,,88,4.9,2844,"[""Horror"", ""Mystery"", ""Thriller""]","[""Horror""]",https://www.imdb.com/title/tt29567402/
tt3063462,If I Had Wings,If I Had Wings,movie,False,2013,,89,7.1,1699,"[""Drama"", ""Family"", ""Sport""]","[""Drama""]",https://www.imdb.com/title/tt3063462/
tt3092076,"Les trois frères, le retour","Les trois frères, le retour",movie,False,2014,,106,4.8,1955,"[""Comedy""]","[""Comedy""]",https://www.imdb.com/title/tt3092076/
tt30973261,I Am Nevenka,Soy Nevenka,movie,False,2024,,112,7.0,1659,"[""Biography"", ""Drama""]","[""Drama""]",https://www.imdb.com/title/tt30973261/
tt31013030,Flight 404,Rihlah 404,movie,False,2024,,104,7.3,2301,"[""Drama""]","[""Drama""]",https://www.imdb.com/title/tt31013030/
tt31226981,Sankrathiki Vasthunam,Sankrathiki Vasthunam,movie,False,2025,,160,6.1,4323,"[""Action"", ""Comedy""]","[""Comedy""]",https://www.imdb.com/title/tt31226981/
tt31242102,Solo Boy,Solo Boy,movie,False,2025,,133,6.5,1816,"[""Romance""]","[""Romance""]",https://www.imdb.com/title/tt31242102/
tt3155654,Hide and Seek,Sum-bakk-og-jil,movie,False,2013,,107,6.3,2675,"[""Crime"", ""Horror"", ""Mystery""]","[""Horror""]",https://www.imdb.com/title/tt3155654/
tt3204632,Like Me,Like Me,movie,False,2017,,80,5.2,1467,"[""Crime"", ""Drama"", ""Horror""]","[""Drama""]",https://www.imdb.com/title/tt3204632/
tt32123395,Altered,Altered,movie,False,2025,,87,3.6,2772,"[""Action"", ""Sci-Fi""]","[""Sci-Fi""]",https://www.imdb.com/title/tt32123395/
tt3238502,Zombie Spring Breakers,Ibiza Undead,movie,False,2016,,99,3.2,1240,"[""Action"", ""Comedy"", ""Horror""]","[""Horror""]",https://www.imdb.com/title/tt3238502/
tt32768323,The Assessment,The Assessment,movie,False,2024,,114,6.6,25504,"[""Drama"", ""Sci-Fi""]","[""Sci-Fi""]",https://www.imdb.com/title/tt32768323/
tt33349807,Sugar Mill,Pabrik Gula,movie,False,2025,,133,5.8,3075,"[""Horror"", ""Thriller""]","[""Horror""]",https://www.imdb.com/title/tt33349807/
tt3433074,Mrs. Brown's Boys D'Movie,Mrs. Brown's Boys D'Movie,movie,False,2014,,94,4.2,5740,"[""Comedy""]","[""Comedy""]",https://www.imdb.com/title/tt3433074/
tt3465074,88,88,movie,False,2015,,88,4.9,3747,"[""Action"", ""Thriller""]","[""Action""]",https://www.imdb.com/title/tt3465074/
tt3564794,Welcome to Happiness,Welcome to Happiness,movie,False,2015,,95,6.1,1429,"[""Comedy"", ""Drama"", ""Fantasy""]","[""Drama""]",https://www.imdb.com/title/tt3564794/
tt3608654,The Coed and the Zombie Stoner,The Coed and the Zombie Stoner,movie,False,2014,,91,3.6,1772,"[""Comedy"", ""Horror"", ""Sci-Fi""]","[""Horror""]",https://www.imdb.com/title/tt3608654/
tt3620418,Boy 7,Boy 7,movie,False,2015,,90,5.8,2526,"[""Action"", ""Sci-Fi"", ""Thriller""]","[""Sci-Fi""]",https://www.imdb.com/title/tt3620418/
tt36440312,Dan Da Dan: Evil Eye,Dan Da Dan: Evil Eye,movie,False,2025,,93,7.8,2393,"[""Action"", ""Animation"", ""Sci-Fi""]","[""Sci-Fi""]",https://www.imdb.com/title/tt36440312/
tt36491337,His Story of Itihaas,His Story of Itihaas,movie,False,2025,,144,8.7,1229,"[""Drama""]","[""Drama""]",https://www.imdb.com/title/tt36491337/
tt3685218,Felix and Meira,Félix et Meira,movie,False,2014,,105,6.7,1691,"[""Drama"", ""Romance""]","[""Romance""]",https://www.imdb.com/title/tt3685218/
tt3748528,Rogue One: A Star Wars Story,Rogue One,movie,False,2016,,133,7.8,766264,"[""Action"", ""Adventure"", ""Sci-Fi""]","[""Sci-Fi""]",https://www.imdb.com/title/tt3748528/
tt3778644,Solo: A Star Wars Story,Solo: A Star Wars Story,movie,False,2018,,135,6.9,415073,"[""Action"", ""Adventure"", ""Sci-Fi""]","[""Sci-Fi""]",https://www.imdb.com/title/tt3778644/
tt3800028,Pak van mijn hart,Pak van mijn hart,movie,False,2014,,83,5.7,1215,"[""Romance""]","[""Romance""]",https://www.imdb.com/title/tt3800028/
tt3960412,Popstar: Never Stop Never Stopping,Popstar: Never Stop Never Stopping,movie,False,2016,,87,6.7,74853,"[""Comedy"", ""Drama"", ""Music""]","[""Comedy""]",https://www.imdb.com/title/tt3960412/
tt3982774,Hadi Insallah,Hadi Insallah,movie,False,2014,,96,5.4,4572,"[""Comedy"", ""Romance""]","[""Romance""]",https://www.imdb.com/title/tt3982774/
tt4073890,Andron,Andròn: The Black Labyrinth,movie,False,2015,,100,2.7,3333,"[""Action"", ""Sci-Fi""]","[""Sci-Fi""]",https://www.imdb.com/title/tt4073890/
tt4076926,The Heyday of the Insensitive Bastards,The Heyday of the Insensitive Bastards,movie,False,2015,,97,4.3,1976,"[""Comedy"", ""Drama""]","[""Comedy""]",https://www.imdb.com/title/tt4076926/
tt4085084,Disorder,Maryland,movie,False,2015,,98,6.2,7049,"[""Drama"", ""Thriller""]","[""Drama""]",https://www.imdb.com/title/tt4085084/
tt4264426,Bite,Bite,movie,False,2015,,88,4.9,6129,"[""Horror""]","[""Horror""]",https://www.imdb.com/title/tt4264426/
tt4383594,Nine Lives,Nine Lives,movie,False,2016,,87,5.3,26087,"[""Comedy"", ""Drama"", ""Family""]","[""Comedy""]",https://www.imdb.com/title/tt4383594/
tt4411584,The Secret: Dare to Dream,The Secret: Dare to Dream,movie,False,2020,,107,6.6,20502,"[""Drama"", ""Romance""]","[""Romance""]",https://www.imdb.com/title/tt4411584/
tt4435072,Liger,Liger,movie,False,2022,,140,2.6,49443,"[""Action"", ""Drama"", ""Romance""]","[""Romance""]",https://www.imdb.com/title/tt4435072/
tt4439102,Officer Downe,Officer Downe,movie,False,2016,,88,4.3,2397,"[""Action"", ""Comedy"", ""Sci-Fi""]","[""Action""]",https://www.imdb.com/title/tt4439102/
tt4602066,The Catcher Was a Spy,The Catcher Was a Spy,movie,False,2018,,94,6.3,13861,"[""Biography"", ""Drama"", ""War""]","[""Drama""]",https://www.imdb.com/title/tt4602066/
tt4616250,The Perfect Weapon,The Perfect Weapon,movie,False,2016,,88,2.9,2583,"[""Action"", ""Sci-Fi"", ""Thriller""]","[""Sci-Fi""]",https://www.imdb.com/title/tt4616250/
tt4642970,Llamageddon,Llamageddon,movie,False,2015,,69,3.9,2067,"[""Comedy"", ""Sci-Fi""]","[""Comedy""]",https://www.imdb.com/title/tt4642970/
tt4669264,Beirut,Beirut,movie,False,2018,,109,6.5,27255,"[""Action"", ""Adventure"", ""Crime""]","[""Action""]",https://www.imdb.com/title/tt4669264/
tt4729430,Klaus,Klaus,movie,False,2019,,96,8.2,242771,"[""Adventure"", ""Animation"", ""Comedy""]","[""Comedy""]",https://www.imdb.com/title/tt4729430/
tt4932154,Center of My World,Die Mitte der Welt,movie,False,2016,,115,7.1,7995,"[""Drama"", ""Romance""]","[""Romance""]",https://www.imdb.com/title/tt4932154/
tt5197544,Baar Baar Dekho,Baar Baar Dekho,movie,False,2016,,141,5.4,8269,"[""Drama"", ""Romance"", ""Sci-Fi""]","[""Sci-Fi""]",https://www.imdb.com/title/tt5197544/
tt5259966,No Manches Frida,No manches Frida,movie,False,2016,,114,5.5,3150,"[""Comedy"", ""Romance""]","[""Comedy""]",https://www.imdb.com/title/tt5259966/
tt5271432,Adi Kapyare Kootamani,Adi Kapyare Kootamani,movie,False,2015,,131,6.7,2158,"[""Comedy"", ""Horror""]","[""Horror""]",https://www.imdb.com/title/tt5271432/
tt5465370,Akira,Akira,movie,False,2016,,137,5.9,4703,"[""Action"", ""Thriller""]","[""Action""]",https://www.imdb.com/title/tt5465370/
tt5534434,Victor Crowley,Victor Crowley,movie,False,2017,,83,5.5,8319,"[""Action"", ""Comedy"", ""Horror""]","[""Comedy""]",https://www.imdb.com/title/tt5534434/
tt5697870,Lucknow Central,Lucknow Central,movie,False,2017,,133,6.2,3209,"[""Action"", ""Drama"", ""Music""]","[""Action""]",https://www.imdb.com/title/tt5697870/
tt5999530,Before We Vanish,Sanpo suru shinryakusha,movie,False,2017,,129,6.2,3190,"[""Drama"", ""Horror"", ""Sci-Fi""]","[""Sci-Fi""]",https://www.imdb.com/title/tt5999530/
tt6290798,UFO,UFO,movie,False,2018,,88,6.2,13250,"[""Drama"", ""Mystery"", ""Sci-Fi""]","[""Drama""]",https://www.imdb.com/title/tt6290798/
tt6295898,The Tag-Along 2,Hong yi xiao nu hai 2,movie,False,2017,,113,5.7,1329,"[""Horror"", ""Thriller""]","[""Horror""]",https://www.imdb.com/title/tt6295898/
tt6570372,Gags the Clown,Gags The Clown,movie,False,2018,,89,4.8,1034,"[""Comedy"", ""Horror""]","[""Horror""]",https://www.imdb.com/title/tt6570372/
tt6888938,White Chamber,White Chamber,movie,False,2018,,89,4.4,1689,"[""Drama"", ""Horror"", ""Sci-Fi""]","[""Sci-Fi""]",https://www.imdb.com/title/tt6888938/
tt6988366,Beyond the Rush,Beyond the Rush,movie,False,2024,,110,8.5,1127,"[""Drama"", ""Thriller""]","[""Drama""]",https://www.imdb.com/title/tt6988366/
tt7209510,Glossary of Broken Dreams,Glossary of Broken Dreams,movie,False,2018,,99,5.5,5898,"[""Animation"", ""Comedy"", ""Drama""]","[""Comedy""]",https://www.imdb.com/title/tt7209510/
tt7225386,25 km/h,25 km/h,movie,False,2018,,116,7.2,6595,"[""Adventure"", ""Comedy"", ""Drama""]","[""Comedy""]",https://www.imdb.com/title/tt7225386/
tt7660450,The Prophecy of the Armadillo,La profezia dell'armadillo,movie,False,2018,,99,5.8,1283,"[""Comedy"", ""Drama""]","[""Drama""]",https://www.imdb.com/title/tt7660450/
tt7778680,Photograph,Photograph,movie,False,2019,,110,6.8,6817,"[""Drama"", ""Romance""]","[""Romance""]",https://www.imdb.com/title/tt7778680/
tt7838494,The Waiter,The Waiter,movie,False,2018,,104,6.0,1585,"[""Comedy"", ""Crime"", ""Drama""]","[""Comedy""]",https://www.imdb.com/title/tt7838494/
tt8239806,The White Storm 2: Drug Lords,So duk 2: Tin dei duei kuet,movie,False,2019,,99,6.1,1729,"[""Action"", ""Crime""]","[""Action""]",https://www.imdb.com/title/tt8239806/
tt8587122,Secrets in the Hot Spring,Qie xiao jin jia de lu guan,movie,False,2018,,108,6.2,1111,"[""Comedy"", ""Horror""]","[""Horror""]",https://www.imdb.com/title/tt8587122/
tt8706988,The Resistance Fighter,Kurier,movie,False,2019,,114,5.9,2001,"[""Action"", ""Drama"", ""History""]","[""Action""]",https://www.imdb.com/title/tt8706988/
tt9362930,Blue Beetle,Blue Beetle,movie,False,2023,,127,5.9,119919,"[""Action"", ""Adventure"", ""Sci-Fi""]","[""Sci-Fi""]",https://www.imdb.com/title/tt9362930/
tt9372172,Ballsy Girl,Forte,movie,False,2020,,95,5.1,1027,"[""Comedy""]","[""Comedy""]",https://www.imdb.com/title/tt9372172/
