imdb_id,genre
tt0079718,Action
tt0079718,Comedy
tt0079718,Crime
tt0081633,Adventure
tt0081633,Comedy
tt0081633,Fantasy
tt0083199,Action
tt0083199,Crime
tt0083199,Thriller
tt0085426,Sci-Fi
tt0085750,Adventure
tt0085750,Horror
tt0085750,Thriller
tt0086856,Adventure
tt0086856,Comedy
tt0086856,Sci-Fi
tt0087065,Action
tt0087065,Adventure
tt0087065,Crime
tt0087354,Comedy
tt0087821,Comedy
tt0087821,Drama
tt0087821,Romance
tt0090274,Adventure
tt0090274,Comedy
tt0090956,Action
tt0090956,Adventure
tt0090956,War
tt0091630,Comedy
tt0091630,Horror
tt0091630,Sci-Fi
tt0092656,Drama
tt0092656,Romance
tt0092656,Thriller
tt0093771,Action
tt0093771,Crime
tt0093771,Drama
tt0094336,Comedy
tt0094336,Drama
tt0094961,Action
tt0094961,Comedy
tt0094961,Horror
tt0095047,Comedy
tt0095047,Sci-Fi
tt0096087,Action
tt0096087,Crime
tt0096087,Drama
tt0096344,Horror
tt0096827,Action
tt0096827,Comedy
tt0096827,Drama
tt0096919,Drama
tt0096919,Fantasy
tt0096919,Horror
tt0097074,Action
tt0097074,Crime
tt0097074,Drama
tt0097244,Action
tt0097244,Adventure
tt0097244,Comedy
tt0097388,Adventure
tt0097388,Horror
tt0097388,Thriller
tt0097438,Action
tt0097438,Drama
tt0097438,Mystery
tt0097530,Comedy
tt0097530,Romance
tt0098097,Action
tt0098097,Comedy
tt0098097,Crime
tt0098319,Comedy
tt0098319,Drama
tt0098319,Romance
tt0098375,Horror
tt0098375,Sci-Fi
tt0098375,Thriller
tt0099108,Comedy
tt0099108,Horror
tt0099172,Drama
tt0100234,Biography
tt0100234,Crime
tt0100234,Drama
tt0101748,Comedy
tt0101748,Drama
tt0101748,Romance
tt0103956,Horror
tt0103956,Thriller
tt0104759,Adventure
tt0104759,Fantasy
tt0104759,Sci-Fi
tt0105150,Drama
tt0105150,Romance
tt0106417,Action
tt0106417,Adventure
tt0106417,Animation
tt0107290,Adventure
tt0107290,Sci-Fi
tt0107668,Action
tt0107668,Drama
tt0107668,Sci-Fi
tt0108606,Action
tt0108606,Sci-Fi
tt0108606,Thriller
tt0109665,Drama
tt0109665,Mystery
tt0109665,Thriller
tt0110391,Comedy
tt0110391,Drama
tt0110391,Romance
tt0112553,Drama
tt0112553,Musical
tt0112553,Romance
tt0113481,Action
tt0113481,Drama
tt0113481,Sci-Fi
tt0114496,Comedy
tt0114496,Drama
tt0114496,Romance
tt0117128,Comedy
tt0117128,Drama
tt0117128,Fantasy
tt0117959,Drama
tt0117959,War
tt0118015,Comedy
tt0118015,Drama
tt0118040,Drama
tt0118040,Mystery
tt0118040,Sci-Fi
tt0118583,Action
tt0118583,Horror
tt0118583,Sci-Fi
tt0119822,Comedy
tt0119822,Drama
tt0119822,Romance
tt0138703,Fantasy
tt0138703,Horror
tt0138703,Sci-Fi
tt0141098,Comedy
tt0141098,Romance
tt0150464,Crime
tt0150464,Drama
tt0150464,Romance
tt0152256,Drama
tt0152256,Romance
tt0165832,Adventure
tt0165832,Comedy
tt0165832,Drama
tt0169164,Drama
tt0174336,Comedy
tt0174336,Romance
tt0179182,Crime
tt0179182,Drama
tt0179182,Romance
tt0192455,Comedy
tt0192455,Crime
tt0192455,Fantasy
tt0212380,Comedy
tt0212380,Drama
tt0212380,Romance
tt0228333,Action
tt0228333,Horror
tt0228333,Sci-Fi
tt0242285,Fantasy
tt0242285,Horror
tt0242285,Mystery
tt0250224,Drama
tt0250224,Romance
tt0253754,Action
tt0253754,Adventure
tt0253754,Sci-Fi
tt0275692,Comedy
tt0275692,Romance
tt0283269,Comedy
tt0283269,Crime
tt0283269,Mystery
tt0286751,Horror
tt0286751,Mystery
tt0286751,Sci-Fi
tt0307681,Comedy
tt0307681,Drama
tt0310313,Drama
tt0310313,Horror
tt0323120,Drama
tt0323120,Romance
tt0330136,Comedy
tt0330136,Drama
tt0330136,Romance
tt0331282,Action
tt0331282,Comedy
tt0331282,Thriller
tt0354243,Drama
tt0354243,Romance
tt0354538,Action
tt0354538,Comedy
tt0354538,Crime
tt0366842,Comedy
tt0372237,Comedy
tt0372237,Romance
tt0374271,Action
tt0374271,Drama
tt0374271,Romance
tt0375104,Biography
tt0375104,Drama
tt0375104,Romance
tt0388377,Action
tt0388377,Adventure
tt0388377,Drama
tt0401248,Action
tt0401248,Biography
tt0401248,Drama
tt0403217,Drama
tt0403217,Music
tt0429052,Comedy
tt0429052,Drama
tt0432637,Action
tt0432637,Sci-Fi
tt0433387,Action
tt0433387,Crime
tt0433387,Drama
tt0439418,Drama
tt0439418,Musical
tt0439418,Romance
tt0444112,Comedy
tt0444112,Drama
tt0444112,Romance
tt0448075,Crime
tt0448075,Drama
tt0448075,Horror
tt0452664,Comedy
tt0452668,Action
tt0452668,Adventure
tt0452668,Horror
tt0455362,Action
tt0455362,Comedy
tt0455362,Horror
tt0459293,Biography
tt0459293,Drama
tt0459293,History
tt0460394,Action
tt0460394,Adventure
tt0460394,Drama
tt0462465,Action
tt0462465,Adventure
tt0462465,Sci-Fi
tt0464160,Comedy
tt0464160,Drama
tt0464160,Romance
tt0466103,Comedy
tt0466103,Drama
tt0466103,Sci-Fi
tt0470967,Horror
tt0471041,Action
tt0471041,Thriller
tt0481354,Drama
tt0483631,Comedy
tt0487011,Drama
tt0487011,Fantasy
tt0487011,Horror
tt0758752,Comedy
tt0758752,Drama
tt0758752,Romance
tt0758762,Action
tt0758762,Sci-Fi
tt0758762,Thriller
tt0768218,Adventure
tt0768218,Comedy
tt0768218,Drama
tt0780583,Horror
tt0780583,Sci-Fi
tt0790602,Action
tt0790602,Drama
tt0790602,Thriller
tt0826631,Comedy
tt0826631,Drama
tt0836700,Drama
tt0836700,Family
tt0843878,Horror
tt0843878,Sci-Fi
tt0844319,Drama
tt0844319,Horror
tt0844319,Romance
tt0870111,Biography
tt0870111,Drama
tt0870111,History
tt0870944,Drama
tt0870944,Romance
tt0892769,Action
tt0892769,Adventure
tt0892769,Animation
tt0896923,Drama
tt0896923,Romance
tt0902290,Comedy
tt0902290,Horror
tt0914798,Drama
tt0914798,War
tt0937378,Action
tt0937378,Adventure
tt0937378,Drama
tt0960890,Comedy
tt0960890,Horror
tt0960890,Sci-Fi
tt0963194,Horror
tt0963194,Musical
tt0963194,Sci-Fi
tt0995868,Biography
tt0995868,Drama
tt0995868,Sport
tt1001508,Comedy
tt1001508,Drama
tt1001508,Romance
tt10110614,Comedy
tt10110614,Drama
tt10110614,Sci-Fi
tt10260844,Horror
tt10329842,Action
tt10329842,Crime
tt10329842,Drama
tt1034303,Action
tt1034303,Drama
tt1034303,History
tt10370042,Fantasy
tt10370042,Mystery
tt10370042,Sci-Fi
tt10399608,Drama
tt10399608,Horror
tt10399608,Thriller
tt10676052,Action
tt10676052,Adventure
tt10676052,Sci-Fi
tt10713340,Horror
tt10713340,Mystery
tt10713340,Thriller
tt1078588,Drama
tt1078588,Family
tt10928086,Horror
tt10928086,Mystery
tt10928086,Thriller
tt11107074,Action
tt11107074,Adventure
tt11107074,Animation
tt11225626,Comedy
tt11225626,Drama
tt11225626,Romance
tt11261532,Crime
tt11261532,Drama
tt11261532,Horror
tt1135095,Drama
tt1135095,Horror
tt1135095,Sci-Fi
tt1135961,Action
tt1135961,Crime
tt1135961,Drama
tt11608126,Horror
tt11608126,Thriller
tt11610804,Comedy
tt11610804,Drama
tt1161418,Comedy
tt1161418,Fantasy
tt1161418,Sci-Fi
tt1181791,Action
tt1181791,Drama
tt1181791,History
tt11866370,Comedy
tt11866370,Drama
tt11866370,Horror
tt1194616,Comedy
tt1194616,Romance
tt1209361,Horror
tt1209361,Thriller
tt12163074,Horror
tt1239446,Comedy
tt1239446,Drama
tt12585076,Comedy
tt12585076,Romance
tt12585076,Sci-Fi
tt1274596,Action
tt1274596,Drama
tt1274596,War
tt12763920,Action
tt12763920,Crime
tt12763920,Thriller
tt12857614,Romance
tt12875782,Drama
tt12875782,Fantasy
tt12875782,Sci-Fi
tt13043436,Comedy
tt13043436,Fantasy
tt13043436,Horror
tt1322930,Drama
tt1322930,Romance
tt1329454,Action
tt1329454,Crime
tt1329454,Thriller
tt13316790,Comedy
tt13316790,Drama
tt13316790,Romance
tt1336608,Comedy
tt1336608,Drama
tt1336608,Musical
tt1341188,Comedy
tt1341188,Drama
tt1341188,Romance
tt1341338,Action
tt1341338,Adventure
tt1341338,Comedy
tt13515090,Comedy
tt13515090,Drama
tt13801462,Drama
tt13801462,History
tt13866142,Drama
tt13866142,Music
tt13866142,Romance
tt1386703,Action
tt1386703,Adventure
tt1386703,Sci-Fi
tt13918550,Action
tt13918550,Thriller
tt13989030,Comedy
tt13989030,Family
tt13989030,Romance
tt1414378,Action
tt1414378,Adventure
tt1414378,Drama
tt1418712,Action
tt1418712,Horror
tt1418712,Sci-Fi
tt1424310,Action
tt1424310,Adventure
tt1424310,Comedy
tt1430110,Drama
tt1430110,Thriller
tt1438173,Action
tt1438173,Fantasy
tt1438173,Horror
tt14463484,Comedy
tt14463484,Drama
tt14463484,Romance
tt1452628,Horror
tt1452628,Mystery
tt1452628,Thriller
tt14564000,Action
tt14564000,Drama
tt14604100,Horror
tt1464540,Action
tt1464540,Adventure
tt1464540,Sci-Fi
tt14722598,Drama
tt14917354,Drama
tt14917354,Sci-Fi
tt14917354,Thriller
tt1496872,Comedy
tt1496872,Drama
tt1496872,Romance
tt15005606,Action
tt15005606,Comedy
tt15005606,Drama
tt15009428,Action
tt15009428,Adventure
tt15009428,Comedy
tt15165236,Drama
tt15165236,Romance
tt15262370,Action
tt15262370,Horror
tt15262370,Thriller
tt15309808,Action
tt15309808,Crime
tt15309808,Drama
tt1535616,Drama
tt1535616,Horror
tt1535616,Sci-Fi
tt15514498,Action
tt15514498,Comedy
tt15514498,Drama
tt1582466,Action
tt1582466,Comedy
tt1582466,Thriller
tt1610452,Comedy
tt1610452,Drama
tt1610452,Romance
tt16303830,Comedy
tt16303830,Drama
tt16303830,Romance
tt16464084,Drama
tt16464084,Romance
tt1650042,Horror
tt1650042,Sci-Fi
tt1650554,Action
tt1650554,Comedy
tt1650554,Crime
tt1667150,Comedy
tt1667150,Romance
tt1667150,Sci-Fi
tt1692189,Action
tt1692189,Comedy
tt1753640,Action
tt1753640,Crime
tt1753640,Drama
tt1798709,Drama
tt1798709,Romance
tt1798709,Sci-Fi
tt1800246,Comedy
tt1800246,Romance
tt18411838,Horror
tt18411838,Mystery
tt18411838,Thriller
tt1844635,Action
tt1844635,Horror
tt1844635,Thriller
tt1876373,Comedy
tt1890513,Drama
tt1890513,Horror
tt1890513,Mystery
tt18970380,Comedy
tt18970380,Romance
tt19632738,Comedy
tt19632738,Fantasy
tt19632738,Romance
tt2050633,Horror
tt2055765,Comedy
tt2055765,Drama
tt2062661,Horror
tt2062661,Sci-Fi
tt2062661,Thriller
tt2071550,Horror
tt2071550,Mystery
tt2071550,Sci-Fi
tt2102465,Action
tt2102465,Crime
tt2102465,Thriller
tt2149814,Drama
tt2184233,Drama
tt2184233,Romance
tt2184233,Sport
tt2190483,Drama
tt22036922,Drama
tt22036922,Romance
tt22036922,Thriller
tt2231208,Action
tt2231208,Adventure
tt2231208,Animation
tt22334258,Romance
tt2235695,Drama
tt2235695,Mystery
tt2235695,Romance
tt22408160,Comedy
tt22408160,Drama
tt22408160,Horror
tt2245003,Comedy
tt2245003,Drama
tt2245003,Romance
tt2253742,Action
tt2253742,Drama
tt2253742,Romance
tt23865942,Action
tt23865942,Drama
tt23865942,Mystery
tt2392830,Biography
tt2392830,Drama
tt2392830,Romance
tt2395417,Drama
tt2406676,Horror
tt2406676,Romance
tt2406676,Thriller
tt2414040,Drama
tt2443022,Horror
tt2443022,Sci-Fi
tt2443022,Thriller
tt2527186,Comedy
tt2527186,Horror
tt2537176,Horror
tt2537176,Thriller
tt25947954,Drama
tt25947954,Sci-Fi
tt25947954,Thriller
tt2649128,Action
tt2649128,Drama
tt2649128,Thriller
tt26660615,Comedy
tt2669336,Mystery
tt2669336,Sci-Fi
tt2669336,Thriller
tt26899693,Horror
tt26899693,Sci-Fi
tt26899693,Thriller
tt27114092,Action
tt27114092,Adventure
tt27487934,Action
tt27487934,Thriller
tt27490380,Action
tt27490380,Crime
tt27490380,Thriller
tt27802490,Horror
tt27802490,Mystery
tt2819358,Comedy
tt2819358,Drama
tt2819358,Family
tt28607951,Comedy
tt28607951,Drama
tt28607951,Romance
tt2901962,Adventure
tt2901962,Comedy
tt2901962,Sci-Fi
tt2908446,Action
tt2908446,Adventure
tt2908446,Romance
tt29344903,Comedy
tt29344903,Drama
tt29344903,Horror
tt29456979,Comedy
tt29456979,Drama
tt29456979,Romance
tt29567402,Horror
tt29567402,Mystery
tt29567402,Thriller
tt3063462,Drama
tt3063462,Family
tt3063462,Sport
tt3092076,Comedy
tt30973261,Biography
tt30973261,Drama
tt31013030,Drama
tt31226981,Action
tt31226981,Comedy
tt31242102,Romance
tt3155654,Crime
tt3155654,Horror
tt3155654,Mystery
tt3204632,Crime
tt3204632,Drama
tt3204632,Horror
tt32123395,Action
tt32123395,Sci-Fi
tt3238502,Action
tt3238502,Comedy
tt3238502,Horror
tt32768323,Drama
tt32768323,Sci-Fi
tt33349807,Horror
tt33349807,Thriller
tt3433074,Comedy
tt3465074,Action
tt3465074,Thriller
tt3564794,Comedy
tt3564794,Drama
tt3564794,Fantasy
tt3608654,Comedy
tt3608654,Horror
tt3608654,Sci-Fi
tt3620418,Action
tt3620418,Sci-Fi
tt3620418,Thriller
tt36440312,Action
tt36440312,Animation
tt36440312,Sci-Fi
tt36491337,Drama
tt3685218,Drama
tt3685218,Romance
tt3748528,Action
tt3748528,Adventure
tt3748528,Sci-Fi
tt3778644,Action
tt3778644,Adventure
tt3778644,Sci-Fi
tt3800028,Romance
tt3960412,Comedy
tt3960412,Drama
tt3960412,Music
tt3982774,Comedy
tt3982774,Romance
tt4073890,Action
tt4073890,Sci-Fi
tt4076926,Comedy
tt4076926,Drama
tt4085084,Drama
tt4085084,Thriller
tt4264426,Horror
tt4383594,Comedy
tt4383594,Drama
tt4383594,Family
tt4411584,Drama
tt4411584,Romance
tt4435072,Action
tt4435072,Drama
tt4435072,Romance
tt4439102,Action
tt4439102,Comedy
tt4439102,Sci-Fi
tt4602066,Biography
tt4602066,Drama
tt4602066,War
tt4616250,Action
tt4616250,Sci-Fi
tt4616250,Thriller
tt4642970,Comedy
tt4642970,Sci-Fi
tt4669264,Action
tt4669264,Adventure
tt4669264,Crime
tt4729430,Adventure
tt4729430,Animation
tt4729430,Comedy
tt4932154,Drama
tt4932154,Romance
tt5197544,Drama
tt5197544,Romance
tt5197544,Sci-Fi
tt5259966,Comedy
tt5259966,Romance
tt5271432,Comedy
tt5271432,Horror
tt5465370,Action
tt5465370,Thriller
tt5534434,Action
tt5534434,Comedy
tt5534434,Horror
tt5697870,Action
tt5697870,Drama
tt5697870,Music
tt5999530,Drama
tt5999530,Horror
tt5999530,Sci-Fi
tt6290798,Drama
tt6290798,Mystery
tt6290798,Sci-Fi
tt6295898,Horror
tt6295898,Thriller
tt6570372,Comedy
tt6570372,Horror
tt6888938,Drama
tt6888938,Horror
tt6888938,Sci-Fi
tt6988366,Drama
tt6988366,Thriller
tt7209510,Animation
tt7209510,Comedy
tt7209510,Drama
tt7225386,Adventure
tt7225386,Comedy
tt7225386,Drama
tt7660450,Comedy
tt7660450,Drama
tt7778680,Drama
tt7778680,Romance
tt7838494,Comedy
tt7838494,Crime
tt7838494,Drama
tt8239806,Action
tt8239806,Crime
tt8587122,Comedy
tt8587122,Horror
tt8706988,Action
tt8706988,Drama
tt8706988,History
tt9362930,Action
tt9362930,Adventure
tt9362930,Sci-Fi
tt9372172,Comedy
