imdb_id,sample_category
tt0079718,Action
tt0083199,Action
tt0087065,Action
tt0090956,Action
tt0093771,Action
tt0094961,Action
tt0096827,Action
tt0097438,Action
tt0106417,Action
tt0374271,Action
tt0433387,Action
tt0452668,Action
tt0471041,Action
tt0758762,Action
tt0892769,Action
tt0937378,Action
tt1034303,Action
tt11107074,Action
tt1135961,Action
tt1181791,Action
tt1274596,Action
tt12763920,Action
tt1329454,Action
tt1341338,Action
tt13918550,Action
tt1414378,Action
tt1438173,Action
tt14564000,Action
tt15005606,Action
tt15009428,Action
tt15309808,Action
tt1582466,Action
tt1692189,Action
tt1753640,Action
tt1844635,Action
tt2102465,Action
tt2231208,Action
tt2253742,Action
tt23865942,Action
tt2649128,Action
tt27114092,Action
tt27487934,Action
tt27490380,Action
tt3465074,Action
tt4439102,Action
tt4669264,Action
tt5465370,Action
tt5697870,Action
tt8239806,Action
tt8706988,Action
tt0081633,Comedy
tt0087354,Comedy
tt0087821,Comedy
tt0090274,Comedy
tt0094336,Comedy
tt0097244,Comedy
tt0097530,Comedy
tt0098097,Comedy
tt0101748,Comedy
tt0110391,Comedy
tt0117128,Comedy
tt0118015,Comedy
tt0192455,Comedy
tt0212380,Comedy
tt0283269,Comedy
tt0330136,Comedy
tt0331282,Comedy
tt0354538,Comedy
tt0366842,Comedy
tt0429052,Comedy
tt0444112,Comedy
tt0452664,Comedy
tt0483631,Comedy
tt0826631,Comedy
tt1239446,Comedy
tt13316790,Comedy
tt1336608,Comedy
tt13515090,Comedy
tt1424310,Comedy
tt15514498,Comedy
tt1610452,Comedy
tt1650554,Comedy
tt1800246,Comedy
tt1876373,Comedy
tt2055765,Comedy
tt26660615,Comedy
tt3092076,Comedy
tt31226981,Comedy
tt3433074,Comedy
tt3960412,Comedy
tt4076926,Comedy
tt4383594,Comedy
tt4642970,Comedy
tt4729430,Comedy
tt5259966,Comedy
tt5534434,Comedy
tt7209510,Comedy
tt7225386,Comedy
tt7838494,Comedy
tt9372172,Comedy
tt0096087,Drama
tt0097074,Drama
tt0099172,Drama
tt0100234,Drama
tt0109665,Drama
tt0117959,Drama
tt0165832,Drama
tt0169164,Drama
tt0307681,Drama
tt0323120,Drama
tt0375104,Drama
tt0388377,Drama
tt0401248,Drama
tt0403217,Drama
tt0459293,Drama
tt0460394,Drama
tt0481354,Drama
tt0768218,Drama
tt0790602,Drama
tt0836700,Drama
tt0870111,Drama
tt0870944,Drama
tt0914798,Drama
tt0995868,Drama
tt1001508,Drama
tt10329842,Drama
tt1078588,Drama
tt11610804,Drama
tt1322930,Drama
tt13801462,Drama
tt13866142,Drama
tt1430110,Drama
tt14722598,Drama
tt15165236,Drama
tt2149814,Drama
tt2190483,Drama
tt2395417,Drama
tt2414040,Drama
tt2819358,Drama
tt3063462,Drama
tt30973261,Drama
tt31013030,Drama
tt3204632,Drama
tt3564794,Drama
tt36491337,Drama
tt4085084,Drama
tt4602066,Drama
tt6290798,Drama
tt6988366,Drama
tt7660450,Drama
tt0085750,Horror
tt0096344,Horror
tt0096919,Horror
tt0097388,Horror
tt0099108,Horror
tt0103956,Horror
tt0228333,Horror
tt0242285,Horror
tt0286751,Horror
tt0310313,Horror
tt0448075,Horror
tt0455362,Horror
tt0470967,Horror
tt0487011,Horror
tt0843878,Horror
tt0844319,Horror
tt0902290,Horror
tt10260844,Horror
tt10399608,Horror
tt10713340,Horror
tt10928086,Horror
tt11261532,Horror
tt11608126,Horror
tt11866370,Horror
tt1209361,Horror
tt12163074,Horror
tt13043436,Horror
tt1418712,Horror
tt1452628,Horror
tt14604100,Horror
tt15262370,Horror
tt18411838,Horror
tt1890513,Horror
tt2050633,Horror
tt22408160,Horror
tt2443022,Horror
tt2527186,Horror
tt2537176,Horror
tt27802490,Horror
tt29344903,Horror
tt29567402,Horror
tt3155654,Horror
tt3238502,Horror
tt33349807,Horror
tt3608654,Horror
tt4264426,Horror
tt5271432,Horror
tt6295898,Horror
tt6570372,Horror
tt8587122,Horror
tt0092656,Romance
tt0098319,Romance
tt0105150,Romance
tt0112553,Romance
tt0114496,Romance
tt0119822,Romance
tt0141098,Romance
tt0150464,Romance
tt0152256,Romance
tt0174336,Romance
tt0179182,Romance
tt0250224,Romance
tt0275692,Romance
tt0354243,Romance
tt0372237,Romance
tt0439418,Romance
tt0464160,Romance
tt0758752,Romance
tt0896923,Romance
tt11225626,Romance
tt1194616,Romance
tt12857614,Romance
tt1341188,Romance
tt13989030,Romance
tt14463484,Romance
tt1496872,Romance
tt16303830,Romance
tt16464084,Romance
tt1667150,Romance
tt1798709,Romance
tt18970380,Romance
tt19632738,Romance
tt2184233,Romance
tt22036922,Romance
tt22334258,Romance
tt2235695,Romance
tt2245003,Romance
tt2392830,Romance
tt2406676,Romance
tt28607951,Romance
tt2908446,Romance
tt29456979,Romance
tt31242102,Romance
tt3685218,Romance
tt3800028,Romance
tt3982774,Romance
tt4411584,Romance
tt4435072,Romance
tt4932154,Romance
tt7778680,Romance
tt0085426,Sci-Fi
tt0086856,Sci-Fi
tt0091630,Sci-Fi
tt0095047,Sci-Fi
tt0098375,Sci-Fi
tt0104759,Sci-Fi
tt0107290,Sci-Fi
tt0107668,Sci-Fi
tt0108606,Sci-Fi
tt0113481,Sci-Fi
tt0118040,Sci-Fi
tt0118583,Sci-Fi
tt0138703,Sci-Fi
tt0253754,Sci-Fi
tt0432637,Sci-Fi
tt0462465,Sci-Fi
tt0466103,Sci-Fi
tt0780583,Sci-Fi
tt0960890,Sci-Fi
tt0963194,Sci-Fi
tt10110614,Sci-Fi
tt10370042,Sci-Fi
tt10676052,Sci-Fi
tt1135095,Sci-Fi
tt1161418,Sci-Fi
tt12585076,Sci-Fi
tt12875782,Sci-Fi
tt1386703,Sci-Fi
tt1464540,Sci-Fi
tt14917354,Sci-Fi
tt1535616,Sci-Fi
tt1650042,Sci-Fi
tt2062661,Sci-Fi
tt2071550,Sci-Fi
tt25947954,Sci-Fi
tt2669336,Sci-Fi
tt26899693,Sci-Fi
tt2901962,Sci-Fi
tt32123395,Sci-Fi
tt32768323,Sci-Fi
tt3620418,Sci-Fi
tt36440312,Sci-Fi
tt3748528,Sci-Fi
tt3778644,Sci-Fi
tt4073890,Sci-Fi
tt4616250,Sci-Fi
tt5197544,Sci-Fi
tt5999530,Sci-Fi
tt6888938,Sci-Fi
tt9362930,Sci-Fi
